-- MySQL dump 10.13  Distrib 8.0.43, for Win64 (x86_64)
--
-- Host: 127.0.0.1    Database: kaizen_db
-- ------------------------------------------------------
-- Server version	8.0.43

/*!40101 SET @OLD_CHARACTER_SET_CLIENT=@@CHARACTER_SET_CLIENT */;
/*!40101 SET @OLD_CHARACTER_SET_RESULTS=@@CHARACTER_SET_RESULTS */;
/*!40101 SET @OLD_COLLATION_CONNECTION=@@COLLATION_CONNECTION */;
/*!50503 SET NAMES utf8mb4 */;
/*!40103 SET @OLD_TIME_ZONE=@@TIME_ZONE */;
/*!40103 SET TIME_ZONE='+00:00' */;
/*!40014 SET @OLD_UNIQUE_CHECKS=@@UNIQUE_CHECKS, UNIQUE_CHECKS=0 */;
/*!40014 SET @OLD_FOREIGN_KEY_CHECKS=@@FOREIGN_KEY_CHECKS, FOREIGN_KEY_CHECKS=0 */;
/*!40101 SET @OLD_SQL_MODE=@@SQL_MODE, SQL_MODE='NO_AUTO_VALUE_ON_ZERO' */;
/*!40111 SET @OLD_SQL_NOTES=@@SQL_NOTES, SQL_NOTES=0 */;

--
-- Table structure for table `auth_group`
--

DROP TABLE IF EXISTS `auth_group`;
/*!40101 SET @saved_cs_client     = @@character_set_client */;
/*!50503 SET character_set_client = utf8mb4 */;
CREATE TABLE `auth_group` (
  `id` int NOT NULL AUTO_INCREMENT,
  `name` varchar(150) COLLATE utf8mb4_unicode_ci NOT NULL,
  PRIMARY KEY (`id`),
  UNIQUE KEY `name` (`name`)
) ENGINE=InnoDB DEFAULT CHARSET=utf8mb4 COLLATE=utf8mb4_unicode_ci;
/*!40101 SET character_set_client = @saved_cs_client */;

--
-- Dumping data for table `auth_group`
--

LOCK TABLES `auth_group` WRITE;
/*!40000 ALTER TABLE `auth_group` DISABLE KEYS */;
/*!40000 ALTER TABLE `auth_group` ENABLE KEYS */;
UNLOCK TABLES;

--
-- Table structure for table `auth_group_permissions`
--

DROP TABLE IF EXISTS `auth_group_permissions`;
/*!40101 SET @saved_cs_client     = @@character_set_client */;
/*!50503 SET character_set_client = utf8mb4 */;
CREATE TABLE `auth_group_permissions` (
  `id` bigint NOT NULL AUTO_INCREMENT,
  `group_id` int NOT NULL,
  `permission_id` int NOT NULL,
  PRIMARY KEY (`id`),
  UNIQUE KEY `auth_group_permissions_group_id_permission_id_0cd325b0_uniq` (`group_id`,`permission_id`),
  KEY `auth_group_permissio_permission_id_84c5c92e_fk_auth_perm` (`permission_id`),
  CONSTRAINT `auth_group_permissio_permission_id_84c5c92e_fk_auth_perm` FOREIGN KEY (`permission_id`) REFERENCES `auth_permission` (`id`),
  CONSTRAINT `auth_group_permissions_group_id_b120cbf9_fk_auth_group_id` FOREIGN KEY (`group_id`) REFERENCES `auth_group` (`id`)
) ENGINE=InnoDB DEFAULT CHARSET=utf8mb4 COLLATE=utf8mb4_unicode_ci;
/*!40101 SET character_set_client = @saved_cs_client */;

--
-- Dumping data for table `auth_group_permissions`
--

LOCK TABLES `auth_group_permissions` WRITE;
/*!40000 ALTER TABLE `auth_group_permissions` DISABLE KEYS */;
/*!40000 ALTER TABLE `auth_group_permissions` ENABLE KEYS */;
UNLOCK TABLES;

--
-- Table structure for table `auth_permission`
--

DROP TABLE IF EXISTS `auth_permission`;
/*!40101 SET @saved_cs_client     = @@character_set_client */;
/*!50503 SET character_set_client = utf8mb4 */;
CREATE TABLE `auth_permission` (
  `id` int NOT NULL AUTO_INCREMENT,
  `name` varchar(255) COLLATE utf8mb4_unicode_ci NOT NULL,
  `content_type_id` int NOT NULL,
  `codename` varchar(100) COLLATE utf8mb4_unicode_ci NOT NULL,
  PRIMARY KEY (`id`),
  UNIQUE KEY `auth_permission_content_type_id_codename_01ab375a_uniq` (`content_type_id`,`codename`),
  CONSTRAINT `auth_permission_content_type_id_2f476e4b_fk_django_co` FOREIGN KEY (`content_type_id`) REFERENCES `django_content_type` (`id`)
) ENGINE=InnoDB AUTO_INCREMENT=65 DEFAULT CHARSET=utf8mb4 COLLATE=utf8mb4_unicode_ci;
/*!40101 SET character_set_client = @saved_cs_client */;

--
-- Dumping data for table `auth_permission`
--

LOCK TABLES `auth_permission` WRITE;
/*!40000 ALTER TABLE `auth_permission` DISABLE KEYS */;
INSERT INTO `auth_permission` VALUES (1,'Can add log entry',1,'add_logentry'),(2,'Can change log entry',1,'change_logentry'),(3,'Can delete log entry',1,'delete_logentry'),(4,'Can view log entry',1,'view_logentry'),(5,'Can add permission',2,'add_permission'),(6,'Can change permission',2,'change_permission'),(7,'Can delete permission',2,'delete_permission'),(8,'Can view permission',2,'view_permission'),(9,'Can add group',3,'add_group'),(10,'Can change group',3,'change_group'),(11,'Can delete group',3,'delete_group'),(12,'Can view group',3,'view_group'),(13,'Can add user',4,'add_user'),(14,'Can change user',4,'change_user'),(15,'Can delete user',4,'delete_user'),(16,'Can view user',4,'view_user'),(17,'Can add content type',5,'add_contenttype'),(18,'Can change content type',5,'change_contenttype'),(19,'Can delete content type',5,'delete_contenttype'),(20,'Can view content type',5,'view_contenttype'),(21,'Can add session',6,'add_session'),(22,'Can change session',6,'change_session'),(23,'Can delete session',6,'delete_session'),(24,'Can view session',6,'view_session'),(25,'Can add department',7,'add_department'),(26,'Can change department',7,'change_department'),(27,'Can delete department',7,'delete_department'),(28,'Can view department',7,'view_department'),(29,'Can add proposal',8,'add_proposal'),(30,'Can change proposal',8,'change_proposal'),(31,'Can delete proposal',8,'delete_proposal'),(32,'Can view proposal',8,'view_proposal'),(33,'Can add proposal approval',9,'add_proposalapproval'),(34,'Can change proposal approval',9,'change_proposalapproval'),(35,'Can delete proposal approval',9,'delete_proposalapproval'),(36,'Can view proposal approval',9,'view_proposalapproval'),(37,'Can add employee',10,'add_employee'),(38,'Can change employee',10,'change_employee'),(39,'Can delete employee',10,'delete_employee'),(40,'Can view employee',10,'view_employee'),(41,'Can add improvement proposal',11,'add_improvementproposal'),(42,'Can change improvement proposal',11,'change_improvementproposal'),(43,'Can delete improvement proposal',11,'delete_improvementproposal'),(44,'Can view improvement proposal',11,'view_improvementproposal'),(45,'Can add employee permission',12,'add_employeepermission'),(46,'Can change employee permission',12,'change_employeepermission'),(47,'Can delete employee permission',12,'delete_employeepermission'),(48,'Can view employee permission',12,'view_employeepermission'),(49,'Can add user permission',13,'add_userpermission'),(50,'Can change user permission',13,'change_userpermission'),(51,'Can delete user permission',13,'delete_userpermission'),(52,'Can view user permission',13,'view_userpermission'),(53,'Can add ユーザープロファイル',14,'add_userprofile'),(54,'Can change ユーザープロファイル',14,'change_userprofile'),(55,'Can delete ユーザープロファイル',14,'delete_userprofile'),(56,'Can view ユーザープロファイル',14,'view_userprofile'),(57,'Can add proposal image',15,'add_proposalimage'),(58,'Can change proposal image',15,'change_proposalimage'),(59,'Can delete proposal image',15,'delete_proposalimage'),(60,'Can view proposal image',15,'view_proposalimage'),(61,'Can add proposal contributor',16,'add_proposalcontributor'),(62,'Can change proposal contributor',16,'change_proposalcontributor'),(63,'Can delete proposal contributor',16,'delete_proposalcontributor'),(64,'Can view proposal contributor',16,'view_proposalcontributor');
/*!40000 ALTER TABLE `auth_permission` ENABLE KEYS */;
UNLOCK TABLES;

--
-- Table structure for table `auth_user`
--

DROP TABLE IF EXISTS `auth_user`;
/*!40101 SET @saved_cs_client     = @@character_set_client */;
/*!50503 SET character_set_client = utf8mb4 */;
CREATE TABLE `auth_user` (
  `id` int NOT NULL AUTO_INCREMENT,
  `password` varchar(128) COLLATE utf8mb4_unicode_ci NOT NULL,
  `last_login` datetime(6) DEFAULT NULL,
  `is_superuser` tinyint(1) NOT NULL,
  `username` varchar(150) COLLATE utf8mb4_unicode_ci NOT NULL,
  `first_name` varchar(150) COLLATE utf8mb4_unicode_ci NOT NULL,
  `last_name` varchar(150) COLLATE utf8mb4_unicode_ci NOT NULL,
  `email` varchar(254) COLLATE utf8mb4_unicode_ci NOT NULL,
  `is_staff` tinyint(1) NOT NULL,
  `is_active` tinyint(1) NOT NULL,
  `date_joined` datetime(6) NOT NULL,
  PRIMARY KEY (`id`),
  UNIQUE KEY `username` (`username`)
) ENGINE=InnoDB AUTO_INCREMENT=10 DEFAULT CHARSET=utf8mb4 COLLATE=utf8mb4_unicode_ci;
/*!40101 SET character_set_client = @saved_cs_client */;

--
-- Dumping data for table `auth_user`
--

LOCK TABLES `auth_user` WRITE;
/*!40000 ALTER TABLE `auth_user` DISABLE KEYS */;
INSERT INTO `auth_user` VALUES (1,'pbkdf2_sha256$1000000$xXOoChPZ38yVr4P0EDunRZ$s5cAty4HaPvpvkQNoxZDQN2Q+pAQO1KQ1OY0FltxsxQ=','2025-12-10 22:51:22.963229',1,'admin','システム管理者','王','wang@daiso-ind.co.jp',1,1,'2025-11-19 22:12:17.000000'),(3,'pbkdf2_sha256$1000000$OQrCcXt7fGH9cn4NZA71PH$RiGC5EpfDUyiTj7pOe6Wds5uhuYIMSxjuhtPBmr1n3M=','2025-12-01 14:07:26.063720',0,'daiso','提出者','','wang@daiso-ind.co.jp',0,1,'2025-11-21 23:13:10.000000'),(4,'pbkdf2_sha256$1000000$vnB3jtTMwleaxncbkvQRS5$MzONCy6rd6hQIiibbkN7HuJEk9vP4r0Dph90tScDPTo=','2025-11-27 11:20:46.070179',0,'seikan1han','寺田','','k-terada@daiso-ind.co.jp',0,1,'2025-11-22 01:42:52.449164'),(5,'pbkdf2_sha256$1000000$B11cfIa6mdoOf6cAoEkkjA$YXX9vADWV+YGN/aXph+Jpj0HXdt5ADT/WROeTALO9xg=','2025-12-01 14:14:45.518763',0,'sizaihan','王　崇栓','','wang@daiso-ind.co.jp',0,1,'2025-11-22 01:54:50.857882'),(6,'pbkdf2_sha256$1000000$qZ8Q6VCDC01Snp2fbVA11d$gUnQWPRkOD45C5ob030yNJOHv1VmgoBwcpXa9ExhYTQ=','2025-12-01 14:42:27.705623',0,'seikankakari','渥美','渥美','wang@daiso-ind.co.jp',0,1,'2025-11-22 03:10:16.000000'),(7,'pbkdf2_sha256$1000000$yvtSnl5baHHHbl8scmw8VP$b9FWESpsqVjJaXih/CxdGUhFBf0LDRuo6J2MZFmc1KM=','2025-12-01 16:31:47.879959',0,'seikan','製缶事業部改善委員','','wang@daiso-ind.co.jp',0,1,'2025-11-22 06:01:41.579397'),(8,'pbkdf2_sha256$1000000$4d6T7sanxgnlb6Euo3Hce1$8/gmX772tZf70dF1rIXrNPp79I9BY2NG4PtbhXzfNOo=','2025-11-27 18:11:59.209049',0,'seikanjigyobu','北山','','wang@daiso-ind.co.jp',0,1,'2025-11-22 06:07:01.677445'),(9,'pbkdf2_sha256$1000000$S80ukdhFu7xyYF6IkDkwdE$gn3s3suG7WrKDKpQ1tJXaZkRG1hF1VPONDZhWwkswVA=',NULL,0,'seikan2han','川戸','','r-kawato@daiso-ind.co.jp',0,1,'2025-12-01 09:52:41.648531');
/*!40000 ALTER TABLE `auth_user` ENABLE KEYS */;
UNLOCK TABLES;

--
-- Table structure for table `auth_user_groups`
--

DROP TABLE IF EXISTS `auth_user_groups`;
/*!40101 SET @saved_cs_client     = @@character_set_client */;
/*!50503 SET character_set_client = utf8mb4 */;
CREATE TABLE `auth_user_groups` (
  `id` bigint NOT NULL AUTO_INCREMENT,
  `user_id` int NOT NULL,
  `group_id` int NOT NULL,
  PRIMARY KEY (`id`),
  UNIQUE KEY `auth_user_groups_user_id_group_id_94350c0c_uniq` (`user_id`,`group_id`),
  KEY `auth_user_groups_group_id_97559544_fk_auth_group_id` (`group_id`),
  CONSTRAINT `auth_user_groups_group_id_97559544_fk_auth_group_id` FOREIGN KEY (`group_id`) REFERENCES `auth_group` (`id`),
  CONSTRAINT `auth_user_groups_user_id_6a12ed8b_fk_auth_user_id` FOREIGN KEY (`user_id`) REFERENCES `auth_user` (`id`)
) ENGINE=InnoDB DEFAULT CHARSET=utf8mb4 COLLATE=utf8mb4_unicode_ci;
/*!40101 SET character_set_client = @saved_cs_client */;

--
-- Dumping data for table `auth_user_groups`
--

LOCK TABLES `auth_user_groups` WRITE;
/*!40000 ALTER TABLE `auth_user_groups` DISABLE KEYS */;
/*!40000 ALTER TABLE `auth_user_groups` ENABLE KEYS */;
UNLOCK TABLES;

--
-- Table structure for table `auth_user_user_permissions`
--

DROP TABLE IF EXISTS `auth_user_user_permissions`;
/*!40101 SET @saved_cs_client     = @@character_set_client */;
/*!50503 SET character_set_client = utf8mb4 */;
CREATE TABLE `auth_user_user_permissions` (
  `id` bigint NOT NULL AUTO_INCREMENT,
  `user_id` int NOT NULL,
  `permission_id` int NOT NULL,
  PRIMARY KEY (`id`),
  UNIQUE KEY `auth_user_user_permissions_user_id_permission_id_14a6b632_uniq` (`user_id`,`permission_id`),
  KEY `auth_user_user_permi_permission_id_1fbb5f2c_fk_auth_perm` (`permission_id`),
  CONSTRAINT `auth_user_user_permi_permission_id_1fbb5f2c_fk_auth_perm` FOREIGN KEY (`permission_id`) REFERENCES `auth_permission` (`id`),
  CONSTRAINT `auth_user_user_permissions_user_id_a95ead1b_fk_auth_user_id` FOREIGN KEY (`user_id`) REFERENCES `auth_user` (`id`)
) ENGINE=InnoDB AUTO_INCREMENT=53 DEFAULT CHARSET=utf8mb4 COLLATE=utf8mb4_unicode_ci;
/*!40101 SET character_set_client = @saved_cs_client */;

--
-- Dumping data for table `auth_user_user_permissions`
--

LOCK TABLES `auth_user_user_permissions` WRITE;
/*!40000 ALTER TABLE `auth_user_user_permissions` DISABLE KEYS */;
INSERT INTO `auth_user_user_permissions` VALUES (1,1,1),(2,1,2),(3,1,3),(4,1,4),(5,1,5),(6,1,6),(7,1,7),(8,1,8),(9,1,9),(10,1,10),(11,1,11),(12,1,12),(13,1,13),(14,1,14),(15,1,15),(16,1,16),(17,1,17),(18,1,18),(19,1,19),(20,1,20),(21,1,21),(22,1,22),(23,1,23),(24,1,24),(25,1,25),(26,1,26),(27,1,27),(28,1,28),(29,1,29),(30,1,30),(31,1,31),(32,1,32),(33,1,33),(34,1,34),(35,1,35),(36,1,36),(37,1,37),(38,1,38),(39,1,39),(40,1,40),(41,1,41),(42,1,42),(43,1,43),(44,1,44),(45,1,45),(46,1,46),(47,1,47),(48,1,48),(49,1,49),(50,1,50),(51,1,51),(52,1,52);
/*!40000 ALTER TABLE `auth_user_user_permissions` ENABLE KEYS */;
UNLOCK TABLES;

--
-- Table structure for table `django_admin_log`
--

DROP TABLE IF EXISTS `django_admin_log`;
/*!40101 SET @saved_cs_client     = @@character_set_client */;
/*!50503 SET character_set_client = utf8mb4 */;
CREATE TABLE `django_admin_log` (
  `id` int NOT NULL AUTO_INCREMENT,
  `action_time` datetime(6) NOT NULL,
  `object_id` longtext COLLATE utf8mb4_unicode_ci,
  `object_repr` varchar(200) COLLATE utf8mb4_unicode_ci NOT NULL,
  `action_flag` smallint unsigned NOT NULL,
  `change_message` longtext COLLATE utf8mb4_unicode_ci NOT NULL,
  `content_type_id` int DEFAULT NULL,
  `user_id` int NOT NULL,
  PRIMARY KEY (`id`),
  KEY `django_admin_log_content_type_id_c4bce8eb_fk_django_co` (`content_type_id`),
  KEY `django_admin_log_user_id_c564eba6_fk_auth_user_id` (`user_id`),
  CONSTRAINT `django_admin_log_content_type_id_c4bce8eb_fk_django_co` FOREIGN KEY (`content_type_id`) REFERENCES `django_content_type` (`id`),
  CONSTRAINT `django_admin_log_user_id_c564eba6_fk_auth_user_id` FOREIGN KEY (`user_id`) REFERENCES `auth_user` (`id`),
  CONSTRAINT `django_admin_log_chk_1` CHECK ((`action_flag` >= 0))
) ENGINE=InnoDB AUTO_INCREMENT=316 DEFAULT CHARSET=utf8mb4 COLLATE=utf8mb4_unicode_ci;
/*!40101 SET character_set_client = @saved_cs_client */;

--
-- Dumping data for table `django_admin_log`
--

LOCK TABLES `django_admin_log` WRITE;
/*!40000 ALTER TABLE `django_admin_log` DISABLE KEYS */;
INSERT INTO `django_admin_log` VALUES (1,'2025-11-19 22:18:19.642240','1','admin',2,'[{\"changed\": {\"fields\": [\"password\"]}}]',4,1),(2,'2025-11-20 01:49:39.376043','1','課:製缶事業部',2,'[{\"changed\": {\"fields\": [\"Name\"]}}]',7,1),(3,'2025-11-20 01:52:58.016626','2','部:プレス事業部',1,'[{\"added\": {}}]',7,1),(4,'2025-11-20 01:53:06.227514','1','部:製缶事業部',2,'[{\"changed\": {\"fields\": [\"Level\"]}}]',7,1),(5,'2025-11-20 01:53:52.820633','3','係:プレス・組立係',1,'[{\"added\": {}}]',7,1),(6,'2025-11-20 01:54:17.648402','4','班:プレス・組立班',1,'[{\"added\": {}}]',7,1),(7,'2025-11-20 01:54:40.905266','5','係:製缶係',1,'[{\"added\": {}}]',7,1),(8,'2025-11-20 01:55:01.734231','6','班:製缶1班',1,'[{\"added\": {}}]',7,1),(9,'2025-11-20 01:55:19.831458','7','班:製缶2班',1,'[{\"added\": {}}]',7,1),(10,'2025-11-20 01:55:41.941539','8','班:製缶3班',1,'[{\"added\": {}}]',7,1),(11,'2025-11-20 01:56:02.976819','9','班:資材班',1,'[{\"added\": {}}]',7,1),(12,'2025-11-20 01:59:43.716565','10','課:営業戦略課',1,'[{\"added\": {}}]',7,1),(13,'2025-11-20 02:00:01.512219','11','係:営業係',1,'[{\"added\": {}}]',7,1),(14,'2025-11-20 02:00:17.816713','12','班:営業班',1,'[{\"added\": {}}]',7,1),(15,'2025-11-20 02:00:41.748377','13','係:設計調達係',1,'[{\"added\": {}}]',7,1),(16,'2025-11-20 02:01:10.142810','14','班:設計調達班',1,'[{\"added\": {}}]',7,1),(17,'2025-11-20 02:01:33.789993','15','課:生産技術課',1,'[{\"added\": {}}]',7,1),(18,'2025-11-20 02:03:35.962369','16','係:生産技術係',1,'[{\"added\": {}}]',7,1),(19,'2025-11-20 02:04:00.108910','17','班:新技術班',1,'[{\"added\": {}}]',7,1),(20,'2025-11-20 02:04:24.323112','18','班:生産技術班',1,'[{\"added\": {}}]',7,1),(21,'2025-11-20 02:04:39.899555','19','班:保全班',1,'[{\"added\": {}}]',7,1),(22,'2025-11-20 02:05:01.044637','20','課:品質管理課',1,'[{\"added\": {}}]',7,1),(23,'2025-11-20 02:05:22.607580','21','係:品質管理係',1,'[{\"added\": {}}]',7,1),(24,'2025-11-20 02:09:50.725818','22','課:経営企画課',1,'[{\"added\": {}}]',7,1),(25,'2025-11-20 02:10:08.258116','23','課:人事戦略課',1,'[{\"added\": {}}]',7,1),(26,'2025-11-20 02:10:29.384850','24','班:人事戦略班',1,'[{\"added\": {}}]',7,1),(27,'2025-11-20 02:10:55.020859','25','部:FA事業部',1,'[{\"added\": {}}]',7,1),(28,'2025-11-20 04:08:35.327337','215','王 崇栓 (班:資材班)',1,'[{\"added\": {}}]',10,1),(29,'2025-11-20 04:09:36.148471','56','北村直也 (班:資材班)',2,'[{\"changed\": {\"fields\": [\"Department\"]}}]',10,1),(30,'2025-11-20 21:16:58.879077','23','部:人事戦略課',2,'[{\"changed\": {\"fields\": [\"Level\"]}}]',7,1),(31,'2025-11-20 21:17:05.271263','20','部:品質管理課',2,'[{\"changed\": {\"fields\": [\"Level\"]}}]',7,1),(32,'2025-11-20 21:17:14.105516','10','部:営業戦略課',2,'[{\"changed\": {\"fields\": [\"Level\"]}}]',7,1),(33,'2025-11-20 21:17:19.650801','15','部:生産技術課',2,'[{\"changed\": {\"fields\": [\"Level\"]}}]',7,1),(34,'2025-11-20 21:17:24.773168','22','部:経営企画課',2,'[{\"changed\": {\"fields\": [\"Level\"]}}]',7,1),(35,'2025-11-20 22:14:55.614101','26','部:塗装事業部',1,'[{\"added\": {}}]',7,1),(36,'2025-11-20 22:15:24.286752','27','係:塗装係',1,'[{\"added\": {}}]',7,1),(37,'2025-11-20 22:15:54.533326','28','班:着荷班',1,'[{\"added\": {}}]',7,1),(38,'2025-11-20 22:16:14.721666','29','班:塗装班',1,'[{\"added\": {}}]',7,1),(39,'2025-11-20 22:16:43.549216','30','班:出荷班',1,'[{\"added\": {}}]',7,1),(40,'2025-11-20 22:16:58.607430','31','班:設備管理班',1,'[{\"added\": {}}]',7,1),(41,'2025-11-20 23:15:42.204321','169','アカマツ ケンジ (部:製缶事業部)',3,'',10,1),(42,'2025-11-20 23:15:42.204374','163','アギ サムエル (部:製缶事業部)',3,'',10,1),(43,'2025-11-20 23:15:42.204401','183','アルソロン ペドロミロ プレティラ (部:製缶事業部)',3,'',10,1),(44,'2025-11-20 23:15:42.204426','195','イケダ ロザネ タカコ (部:製缶事業部)',3,'',10,1),(45,'2025-11-20 23:15:42.204449','191','イノウエ ビキトル (部:製缶事業部)',3,'',10,1),(46,'2025-11-20 23:15:42.204471','173','イラハ ヒデオ (部:製缶事業部)',3,'',10,1),(47,'2025-11-20 23:15:42.204493','147','ヴァカ キンジョウ フランス レイナウド (部:製缶事業部)',3,'',10,1),(48,'2025-11-20 23:15:42.204515','174','ウィルチ ルイス (部:製缶事業部)',3,'',10,1),(49,'2025-11-20 23:15:42.204536','176','ウエマ シンヘイ (部:製缶事業部)',3,'',10,1),(50,'2025-11-20 23:15:42.204557','132','ウチヤマ ファビオ (部:製缶事業部)',3,'',10,1),(51,'2025-11-20 23:15:42.204579','214','ウメイ ケンジ (部:製缶事業部)',3,'',10,1),(52,'2025-11-20 23:15:42.204601','177','オキタ ラファエル (部:製缶事業部)',3,'',10,1),(53,'2025-11-20 23:15:42.204622','188','オノハラ ルカス ヒデキ (部:製缶事業部)',3,'',10,1),(54,'2025-11-20 23:15:42.204643','211','カネテ ジェイコ (部:製缶事業部)',3,'',10,1),(55,'2025-11-20 23:15:42.204665','196','カマルゴ エヴァンドロ ブリト (部:製缶事業部)',3,'',10,1),(56,'2025-11-20 23:15:42.204696','144','カリノ ダニエル (部:製缶事業部)',3,'',10,1),(57,'2025-11-20 23:15:42.204712','149','カルドゾ ディアス アントニオ マノエル (部:製缶事業部)',3,'',10,1),(58,'2025-11-20 23:15:42.204727','152','カルモ カエタノ (部:製缶事業部)',3,'',10,1),(59,'2025-11-20 23:15:42.204740','134','ガレ ディペン (部:製缶事業部)',3,'',10,1),(60,'2025-11-20 23:15:42.204754','168','カワサキ タダシ (部:製缶事業部)',3,'',10,1),(61,'2025-11-20 23:15:42.204767','161','カワハラ リカルド (部:製缶事業部)',3,'',10,1),(62,'2025-11-20 23:15:42.204781','200','キノネス エルメル ラストリラ (部:製缶事業部)',3,'',10,1),(63,'2025-11-20 23:15:42.204794','111','キュウ㉑ (部:製缶事業部)',3,'',10,1),(64,'2025-11-20 23:15:42.204809','171','グナ アブディ ワルダナ (部:製缶事業部)',3,'',10,1),(65,'2025-11-20 23:15:42.204823','107','クルイ㉒ (部:製缶事業部)',3,'',10,1),(66,'2025-11-20 23:15:42.204837','159','ケルビン ルンガ (部:製缶事業部)',3,'',10,1),(67,'2025-11-20 23:15:42.204851','185','コジマ ケンジ (部:製缶事業部)',3,'',10,1),(68,'2025-11-20 23:15:42.204865','202','ゴメス ヤマモト ブレノ (部:製缶事業部)',3,'',10,1),(69,'2025-11-20 23:15:42.204878','179','サイフル バチュリ シレガル (部:製缶事業部)',3,'',10,1),(70,'2025-11-20 23:15:42.204892','197','ザジル マルシオ ロバウド リキノ (部:製缶事業部)',3,'',10,1),(71,'2025-11-20 23:15:42.204905','120','サタン㉑ (部:製缶事業部)',3,'',10,1),(72,'2025-11-20 23:15:42.204919','136','サルワタリ リカルド (部:製缶事業部)',3,'',10,1),(73,'2025-11-20 23:15:42.204932','124','ジェー㉒ (部:製缶事業部)',3,'',10,1),(74,'2025-11-20 23:15:42.204945','190','ジェリカナ ジョナタン デルガド (部:製缶事業部)',3,'',10,1),(75,'2025-11-20 23:15:42.204958','128','シック㉓ (部:製缶事業部)',3,'',10,1),(76,'2025-11-20 23:15:42.204972','146','スギモト ミツキ (部:製缶事業部)',3,'',10,1),(77,'2025-11-20 23:15:42.204985','102','ソーダ㉑ (部:製缶事業部)',3,'',10,1),(78,'2025-11-20 23:15:42.204998','167','ソウザ ビクトル (部:製缶事業部)',3,'',10,1),(79,'2025-11-20 23:15:42.205012','126','タ㉓ (部:製缶事業部)',3,'',10,1),(80,'2025-11-20 23:15:42.205025','184','タカダ パブロ (部:製缶事業部)',3,'',10,1),(81,'2025-11-20 23:15:42.205040','145','タグジング レイナウド ジュニア アギ (部:製缶事業部)',3,'',10,1),(82,'2025-11-20 23:15:42.205054','210','タケハラ ダルシ セイジ (部:製缶事業部)',3,'',10,1),(83,'2025-11-20 23:15:42.205067','178','ダニ プロワントロ (部:製缶事業部)',3,'',10,1),(84,'2025-11-20 23:15:42.205081','39','チャンミンタイン (部:製缶事業部)',3,'',10,1),(85,'2025-11-20 23:15:42.205094','129','ティー㉓ (部:製缶事業部)',3,'',10,1),(86,'2025-11-20 23:15:42.205108','117','ドーム㉓ (部:製缶事業部)',3,'',10,1),(87,'2025-11-20 23:15:42.205124','122','トゥーン㉒ (部:製缶事業部)',3,'',10,1),(88,'2025-11-20 23:15:42.205137','209','トザワ チアゴ (部:製缶事業部)',3,'',10,1),(89,'2025-11-20 23:15:42.205151','186','ドハイルソドュ デキスタ アルバレス (部:製缶事業部)',3,'',10,1),(90,'2025-11-20 23:15:42.205164','205','ナカオ クラウジオ (部:製缶事業部)',3,'',10,1),(91,'2025-11-20 23:15:42.205178','187','ナガオ フェルナンド アキラ (部:製缶事業部)',3,'',10,1),(92,'2025-11-20 23:15:42.205191','170','ナカヤマ トーマス (部:製缶事業部)',3,'',10,1),(93,'2025-11-20 23:15:42.205204','115','ヌ㉒ (部:製缶事業部)',3,'',10,1),(94,'2025-11-20 23:15:42.205218','213','パウリノ エヴェルトン (部:製缶事業部)',3,'',10,1),(95,'2025-11-20 23:15:42.205231','182','バチスタ エルビス (部:製缶事業部)',3,'',10,1),(96,'2025-11-20 23:15:42.205244','206','バチスタ ダ シルバ (部:製缶事業部)',3,'',10,1),(97,'2025-11-20 23:15:42.205258','192','バリオス ジュリオス マドム (部:製缶事業部)',3,'',10,1),(98,'2025-11-20 23:15:42.205274','158','パルマ ジル ジョンデル ドンデ (部:製缶事業部)',3,'',10,1),(99,'2025-11-20 23:15:42.205287','137','ヒュ (部:製缶事業部)',3,'',10,1),(100,'2025-11-20 23:15:42.205300','119','ビュー㉑ (部:製缶事業部)',3,'',10,1),(101,'2025-11-20 23:15:42.205313','123','ブーム㉒ (部:製缶事業部)',3,'',10,1),(102,'2025-11-20 23:15:42.205326','125','ファー㉒ (部:製缶事業部)',3,'',10,1),(103,'2025-11-20 23:15:42.205339','193','フジイ ニルソン シゲル (部:製缶事業部)',3,'',10,1),(104,'2025-11-20 23:15:42.205352','114','ブライト㉓ (部:製缶事業部)',3,'',10,1),(105,'2025-11-20 23:15:42.205366','106','ベンツ㉑ (部:製缶事業部)',3,'',10,1),(106,'2025-11-20 23:15:42.205381','166','ホシノ マルセロ シゲミ (部:製缶事業部)',3,'',10,1),(107,'2025-11-20 23:15:42.205395','189','ボロ ロナルド (部:製缶事業部)',3,'',10,1),(108,'2025-11-20 23:15:42.205408','131','ボンザチ ササキ レアンドロ (部:製缶事業部)',3,'',10,1),(109,'2025-11-20 23:15:42.205421','127','マイ㉑ (部:製缶事業部)',3,'',10,1),(110,'2025-11-20 23:15:42.205434','203','マルセリノ エルソン (部:製缶事業部)',3,'',10,1),(111,'2025-11-20 23:15:42.205447','212','マルヤマ ハミルトン (部:製缶事業部)',3,'',10,1),(112,'2025-11-20 23:15:42.205460','194','モハマド アリフィン (部:製缶事業部)',3,'',10,1),(113,'2025-11-20 23:15:42.205474','172','モレッチ オオタ カシオ (部:製缶事業部)',3,'',10,1),(114,'2025-11-20 23:15:42.205487','201','ユアサ ユリ (部:製缶事業部)',3,'',10,1),(115,'2025-11-20 23:15:42.205500','92','上野 理恵 (部:製缶事業部)',3,'',10,1),(116,'2025-11-20 23:15:42.205515','79','上野 祐生 (部:製缶事業部)',3,'',10,1),(117,'2025-11-20 23:15:42.205528','135','中津達広 (部:製缶事業部)',3,'',10,1),(118,'2025-11-20 23:15:42.205544','38','丸山謙治 (部:製缶事業部)',3,'',10,1),(119,'2025-11-20 23:15:42.205558','15','乾源幸 (部:製缶事業部)',3,'',10,1),(120,'2025-11-20 23:15:42.205571','28','亀田冬威 (部:製缶事業部)',3,'',10,1),(121,'2025-11-20 23:15:42.205584','47','井村 進一郎 (部:製缶事業部)',3,'',10,1),(122,'2025-11-20 23:15:42.205600','3','今井 秀樹 (部:製缶事業部)',3,'',10,1),(123,'2025-11-20 23:15:42.205613','20','今井秀樹 (部:製缶事業部)',3,'',10,1),(124,'2025-11-20 23:15:42.205627','151','今村 光宏 (部:製缶事業部)',3,'',10,1),(125,'2025-11-20 23:15:42.205640','89','今田栞暉 (部:製缶事業部)',3,'',10,1),(126,'2025-11-20 23:15:42.205652','138','伊藤 翔 (部:製缶事業部)',3,'',10,1),(127,'2025-11-20 23:15:42.205666','101','伊藤暖 (部:製缶事業部)',3,'',10,1),(128,'2025-11-20 23:15:42.205683','30','佐倉努 (部:製缶事業部)',3,'',10,1),(129,'2025-11-20 23:15:42.205698','69','佐治 佳音 (部:製缶事業部)',3,'',10,1),(130,'2025-11-20 23:15:42.205712','207','佐藤 イサオ (部:製缶事業部)',3,'',10,1),(131,'2025-11-20 23:15:42.205725','31','倉澤信樹 (部:製缶事業部)',3,'',10,1),(132,'2025-11-20 23:15:42.205738','130','内藤優大 (部:製缶事業部)',3,'',10,1),(133,'2025-11-20 23:15:42.205752','21','冨嶋聖太 (部:製缶事業部)',3,'',10,1),(134,'2025-11-20 23:15:42.205766','36','冨樫良 (部:製缶事業部)',3,'',10,1),(135,'2025-11-20 23:15:42.205779','88','冨谷琢磨 (部:製缶事業部)',3,'',10,1),(136,'2025-11-20 23:15:42.205792','90','劉 晉 (部:製缶事業部)',3,'',10,1),(137,'2025-11-20 23:15:42.205805','86','加藤 優稀 (部:製缶事業部)',3,'',10,1),(138,'2025-11-20 23:15:42.205818','49','加藤 剛 (部:製缶事業部)',3,'',10,1),(139,'2025-11-20 23:15:42.205833','103','加藤 遼 (部:製缶事業部)',3,'',10,1),(140,'2025-11-20 23:15:42.205846','12','勝田 篤 (部:製缶事業部)',3,'',10,1),(141,'2025-11-20 23:15:42.205859','1','勝田 篤 (部:製缶事業部)',3,'',10,1),(142,'2025-11-20 23:15:42.205873','6','北山慶一郎 (部:製缶事業部)',3,'',10,1),(143,'2025-11-20 23:15:42.205886','66','古門里紗 (部:製缶事業部)',3,'',10,1),(144,'2025-11-20 23:15:42.205899','18','吉田和正 (部:製缶事業部)',3,'',10,1),(145,'2025-11-20 23:15:42.205912','17','吉田和正 (部:製缶事業部)',3,'',10,1),(146,'2025-11-20 23:15:42.205925','7','垣内秀夫 (部:製缶事業部)',3,'',10,1),(147,'2025-11-20 23:15:42.205938','143','堀本 (部:製缶事業部)',3,'',10,1),(148,'2025-11-20 23:15:42.205951','77','堤 吉輝 (部:製缶事業部)',3,'',10,1),(149,'2025-11-20 23:15:42.205964','55','塚尾 蓮 (部:製缶事業部)',3,'',10,1),(150,'2025-11-20 23:15:42.205978','71','大浦 毅 (部:製缶事業部)',3,'',10,1),(151,'2025-11-20 23:15:42.205991','75','大田恵理 (部:製缶事業部)',3,'',10,1),(152,'2025-11-20 23:15:42.206004','80','大野裕也 (部:製缶事業部)',3,'',10,1),(153,'2025-11-20 23:15:42.206017','26','安部政弘 (部:製缶事業部)',3,'',10,1),(154,'2025-11-20 23:15:42.206029','208','宮城マウリシオ (部:製缶事業部)',3,'',10,1),(155,'2025-11-20 23:15:42.206042','16','小倉克己 (部:製缶事業部)',3,'',10,1),(156,'2025-11-20 23:15:42.206055','199','小山 アレキシャンドレ (部:製缶事業部)',3,'',10,1),(157,'2025-11-20 23:15:42.206068','62','小林優司 (部:製缶事業部)',3,'',10,1),(158,'2025-11-20 23:15:42.206080','40','小林太輝 (部:製缶事業部)',3,'',10,1),(159,'2025-11-20 23:15:42.206094','165','小西 英治 (部:製缶事業部)',3,'',10,1),(160,'2025-11-20 23:15:42.206107','105','山下 健 (部:製缶事業部)',3,'',10,1),(161,'2025-11-20 23:15:42.206120','141','山内三恵子 (部:製缶事業部)',3,'',10,1),(162,'2025-11-20 23:15:42.206133','104','山口 雅司 (部:製缶事業部)',3,'',10,1),(163,'2025-11-20 23:15:42.206146','45','山本 満政 (部:製缶事業部)',3,'',10,1),(164,'2025-11-20 23:15:42.206159','65','山本幸秀 (部:製缶事業部)',3,'',10,1),(165,'2025-11-20 23:15:42.206172','155','山添 (部:製缶事業部)',3,'',10,1),(166,'2025-11-20 23:15:42.206185','48','山田 悦司 (部:製缶事業部)',3,'',10,1),(167,'2025-11-20 23:15:42.206199','70','山田 真司 (部:製缶事業部)',3,'',10,1),(168,'2025-11-20 23:15:42.206212','72','山際誠 (部:製缶事業部)',3,'',10,1),(169,'2025-11-20 23:15:42.206226','108','岡本泰昌 (部:製缶事業部)',3,'',10,1),(170,'2025-11-20 23:15:42.206240','93','岡林義典 (部:製缶事業部)',3,'',10,1),(171,'2025-11-20 23:15:42.206253','23','岡田 美智代 (部:製缶事業部)',3,'',10,1),(172,'2025-11-20 23:15:42.206266','95','岡田薫奈 (部:製缶事業部)',3,'',10,1),(173,'2025-11-20 23:15:42.206278','198','岩崎ダルト (部:製缶事業部)',3,'',10,1),(174,'2025-11-20 23:15:42.206291','44','岩澤 亜希子 (部:製缶事業部)',3,'',10,1),(175,'2025-11-20 23:15:42.206303','150','嵯峨ロベルト (部:製缶事業部)',3,'',10,1),(176,'2025-11-20 23:15:42.206316','97','川北惠 (部:製缶事業部)',3,'',10,1),(177,'2025-11-20 23:15:42.206329','13','川口 宗一 (部:製缶事業部)',3,'',10,1),(178,'2025-11-20 23:15:42.206341','27','川戸亮摩 (部:製缶事業部)',3,'',10,1),(179,'2025-11-20 23:15:42.206354','162','川渕 貴志 (部:製缶事業部)',3,'',10,1),(180,'2025-11-20 23:15:42.206367','91','市川 佳章 (部:製缶事業部)',3,'',10,1),(181,'2025-11-20 23:15:42.206380','87','平子 翔平 (部:製缶事業部)',3,'',10,1),(182,'2025-11-20 23:15:42.206393','58','平樹 (部:製缶事業部)',3,'',10,1),(183,'2025-11-20 23:15:42.206406','59','後藤祐二 (部:製缶事業部)',3,'',10,1),(184,'2025-11-20 23:15:42.206418','8','後藤美憲 (部:製缶事業部)',3,'',10,1),(185,'2025-11-20 23:15:42.206432','4','後藤美憲 (部:製缶事業部)',3,'',10,1),(186,'2025-11-20 23:15:42.206444','74','徳田裕太郎 (部:製缶事業部)',3,'',10,1),(187,'2025-11-20 23:15:42.206457','61','杉本 真祐 (部:製缶事業部)',3,'',10,1),(188,'2025-11-20 23:15:42.206470','5','杉本正人 (部:製缶事業部)',3,'',10,1),(189,'2025-11-20 23:15:42.206484','22','松下 英昭 (部:製缶事業部)',3,'',10,1),(190,'2025-11-20 23:15:42.206497','142','松井 洋彦 (部:製缶事業部)',3,'',10,1),(191,'2025-11-20 23:15:42.206510','121','松本莉奈 (部:製缶事業部)',3,'',10,1),(192,'2025-11-20 23:15:42.206523','43','松村ほのみ (部:製缶事業部)',3,'',10,1),(193,'2025-11-20 23:15:42.206536','116','松田きよ子 嘱 (部:製缶事業部)',3,'',10,1),(194,'2025-11-20 23:15:42.206550','60','林俊介 (部:製缶事業部)',3,'',10,1),(195,'2025-11-20 23:15:42.206563','81','林剛一 (部:製缶事業部)',3,'',10,1),(196,'2025-11-20 23:15:42.206576','118','林里夏 (部:製缶事業部)',3,'',10,1),(197,'2025-11-20 23:15:42.206589','98','柿市 麻結 (部:製缶事業部)',3,'',10,1),(198,'2025-11-20 23:15:42.206602','84','柿澤 友紀子 (部:製缶事業部)',3,'',10,1),(199,'2025-11-20 23:15:42.206615','67','栗野真帆 (部:製缶事業部)',3,'',10,1),(200,'2025-11-20 23:15:42.206627','68','森川 裕香 (部:製缶事業部)',3,'',10,1),(201,'2025-11-20 23:15:42.206640','57','森本夏生 (部:製缶事業部)',3,'',10,1),(202,'2025-11-20 23:15:42.206653','204','植松勝二 (部:製缶事業部)',3,'',10,1),(203,'2025-11-20 23:15:42.206666','100','椙浦匠哉 (部:製缶事業部)',3,'',10,1),(204,'2025-11-20 23:15:42.206684','50','横山 香澄 (部:製缶事業部)',3,'',10,1),(205,'2025-11-20 23:15:42.206701','154','正木 真司 (部:製缶事業部)',3,'',10,1),(206,'2025-11-20 23:15:42.206714','42','水野裕介 (部:製缶事業部)',3,'',10,1),(207,'2025-11-20 23:15:42.206728','24','永井 陽子 (部:製缶事業部)',3,'',10,1),(208,'2025-11-20 23:15:42.206741','133','永井誠 (部:製缶事業部)',3,'',10,1),(209,'2025-11-20 23:15:42.206753','110','河野正彦 (部:製缶事業部)',3,'',10,1),(210,'2025-11-20 23:15:42.206766','140','深澤 美智夫 (部:製缶事業部)',3,'',10,1),(211,'2025-11-20 23:15:42.206779','153','深瀬テルユキ (部:製缶事業部)',3,'',10,1),(212,'2025-11-20 23:15:42.206792','82','渡瀬和夢 (部:製缶事業部)',3,'',10,1),(213,'2025-11-20 23:15:42.206804','33','渡辺ノリオ (部:製缶事業部)',3,'',10,1),(214,'2025-11-20 23:15:42.206819','11','溝上祐雄 (部:製缶事業部)',3,'',10,1),(215,'2025-11-20 23:15:42.206832','54','濱崎凜太朗 (部:製缶事業部)',3,'',10,1),(216,'2025-11-20 23:15:42.206845','99','濵武 大斗 (部:製缶事業部)',3,'',10,1),(217,'2025-11-20 23:15:42.206858','32','瀬古孝也 (部:製缶事業部)',3,'',10,1),(218,'2025-11-20 23:15:42.206871','156','片岡 マリオ (部:製缶事業部)',3,'',10,1),(219,'2025-11-20 23:15:42.206883','51','玉置 公雄 (部:製缶事業部)',3,'',10,1),(220,'2025-11-20 23:15:42.206896','64','田中健雄 (部:製缶事業部)',3,'',10,1),(221,'2025-11-20 23:15:42.206909','53','田口武 (部:製缶事業部)',3,'',10,1),(222,'2025-11-20 23:15:42.206922','73','田村天良 (部:製缶事業部)',3,'',10,1),(223,'2025-11-20 23:15:42.206936','113','田村直喜 嘱 (部:製缶事業部)',3,'',10,1),(224,'2025-11-20 23:15:42.206949','76','白塚 悠雅 (部:製缶事業部)',3,'',10,1),(225,'2025-11-20 23:15:42.206962','10','相馬吉博 (部:製缶事業部)',3,'',10,1),(226,'2025-11-20 23:15:42.206974','2','相馬吉博 (部:製缶事業部)',3,'',10,1),(227,'2025-11-20 23:15:42.206987','29','神田遼平 (部:製缶事業部)',3,'',10,1),(228,'2025-11-20 23:15:42.207000','14','福島章文 (部:製缶事業部)',3,'',10,1),(229,'2025-11-20 23:15:42.207013','9','稲生祐也 (部:製缶事業部)',3,'',10,1),(230,'2025-11-20 23:15:42.207026','41','米内山貴光 (部:製缶事業部)',3,'',10,1),(231,'2025-11-20 23:15:42.207039','83','美濃地佳子 (部:製缶事業部)',3,'',10,1),(232,'2025-11-20 23:15:42.207052','180','船橋進一 (部:製缶事業部)',3,'',10,1),(233,'2025-11-20 23:15:42.207065','37','若林 慶吾 (部:製缶事業部)',3,'',10,1),(234,'2025-11-20 23:15:42.207078','25','若畑裕丈 (部:製缶事業部)',3,'',10,1),(235,'2025-11-20 23:15:42.207091','85','菅井丈太郎 (部:製缶事業部)',3,'',10,1),(236,'2025-11-20 23:15:42.207103','52','萩聖弥 (部:製缶事業部)',3,'',10,1),(237,'2025-11-20 23:15:42.207116','109','藤井 宏記 (部:製缶事業部)',3,'',10,1),(238,'2025-11-20 23:15:42.207129','181','藤本 浩行 (部:製缶事業部)',3,'',10,1),(239,'2025-11-20 23:15:42.207186','19','藤澤 博 (部:製缶事業部)',3,'',10,1),(240,'2025-11-20 23:15:42.207201','139','西坂ススム (部:製缶事業部)',3,'',10,1),(241,'2025-11-20 23:15:42.207215','46','谷田 裕輔 (部:製缶事業部)',3,'',10,1),(242,'2025-11-20 23:15:42.207229','160','辻岡良子 (部:製缶事業部)',3,'',10,1),(243,'2025-11-20 23:15:42.207242','94','近藤昌利 (部:製缶事業部)',3,'',10,1),(244,'2025-11-20 23:15:42.207255','35','鈴木優也 (部:製缶事業部)',3,'',10,1),(245,'2025-11-20 23:15:42.207267','112','鈴木康幸 (部:製缶事業部)',3,'',10,1),(246,'2025-11-20 23:15:42.207280','78','鈴木翔太 (部:製缶事業部)',3,'',10,1),(247,'2025-11-20 23:15:42.207293','63','長濱 弦 (部:製缶事業部)',3,'',10,1),(248,'2025-11-20 23:15:42.207405','148','高士 真次 (部:製缶事業部)',3,'',10,1),(249,'2025-11-20 23:15:42.207419','164','高本ケンジ (部:製缶事業部)',3,'',10,1),(250,'2025-11-20 23:15:42.207432','175','高橋勇司 (部:製缶事業部)',3,'',10,1),(251,'2025-11-20 23:15:42.207445','96','高見 香穂 (部:製缶事業部)',3,'',10,1),(252,'2025-11-20 23:15:42.207457','34','麻生佳祐 (部:製缶事業部)',3,'',10,1),(253,'2025-11-20 23:15:42.207470','157','龍頭デルフォス (部:製缶事業部)',3,'',10,1),(254,'2025-11-20 23:15:42.207482','56','北村直也 (班:資材班)',3,'',10,1),(255,'2025-11-20 23:15:42.207496','215','王 崇栓 (班:資材班)',3,'',10,1),(256,'2025-11-20 23:20:03.217619','287','小林 建太 (係:プレス・組立係)',2,'[{\"changed\": {\"fields\": [\"Department\"]}}]',10,1),(257,'2025-11-20 23:20:41.198038','219','寺田 光騎 (班:製缶3班)',2,'[{\"changed\": {\"fields\": [\"Department\"]}}]',10,1),(258,'2025-11-20 23:24:59.252803','219','寺田 光騎 (班:製缶3班)',2,'[{\"changed\": {\"fields\": [\"Role\"]}}]',10,1),(259,'2025-11-20 23:25:13.959524','218','渥美 圭佑 (係:製缶係)',2,'[{\"changed\": {\"fields\": [\"Department\"]}}]',10,1),(260,'2025-11-20 23:25:43.836265','220','藤澤 博 (部:製缶事業部)',2,'[{\"changed\": {\"fields\": [\"Department\", \"Role\"]}}]',10,1),(261,'2025-11-20 23:26:17.584325','217','北山 慶一郎 (部:製缶事業部)',2,'[]',10,1),(262,'2025-11-20 23:27:26.116624','219','寺田 光騎 (班:製缶3班)',2,'[{\"changed\": {\"fields\": [\"Department\", \"Role\"]}}]',10,1),(263,'2025-11-20 23:27:41.029995','219','寺田 光騎 (班:製缶3班)',2,'[{\"changed\": {\"fields\": [\"Position\"]}}]',10,1),(264,'2025-11-20 23:27:49.196798','279','王 崇栓 (班:資材班)',2,'[]',10,1),(265,'2025-11-20 23:28:05.434316','219','寺田 光騎 (班:製缶3班)',2,'[{\"changed\": {\"fields\": [\"\\u4fc2\"]}}]',10,1),(266,'2025-11-20 23:28:31.672270','239','イーン⑲(TANGTONG THANAKRIT) (班:製缶2班)',2,'[{\"changed\": {\"fields\": [\"\\u4e8b\\u696d\\u90e8/\\u8ab2\", \"\\u4fc2\"]}}]',10,1),(267,'2025-11-20 23:29:07.140275','227','ヴー　ホアン　ヒエップ (班:資材班)',2,'[{\"changed\": {\"fields\": [\"Department\", \"\\u73ed\"]}}]',10,1),(268,'2025-11-20 23:34:07.644225','297','ヴィ　ディン　ルオン (班:プレス・組立班)',2,'[{\"changed\": {\"fields\": [\"\\u4e8b\\u696d\\u90e8/\\u8ab2\", \"\\u4fc2\"]}}]',10,1),(269,'2025-11-20 23:34:27.363983','305','カリノ ダニエル (班:プレス・組立班)',2,'[{\"changed\": {\"fields\": [\"\\u4e8b\\u696d\\u90e8/\\u8ab2\", \"\\u4fc2\"]}}]',10,1),(270,'2025-11-20 23:36:33.402133','296','ダオ　クアン　ギア (班:プレス・組立班)',2,'[{\"changed\": {\"fields\": [\"\\u4e8b\\u696d\\u90e8/\\u8ab2\", \"\\u4fc2\"]}}]',10,1),(271,'2025-11-20 23:36:43.427830','299','ファン ホアイ バオ (班:プレス・組立班)',2,'[{\"changed\": {\"fields\": [\"\\u4e8b\\u696d\\u90e8/\\u8ab2\", \"\\u4fc2\"]}}]',10,1),(272,'2025-11-20 23:37:08.209121','298','ブイ　バン　マン (班:プレス・組立班)',2,'[{\"changed\": {\"fields\": [\"\\u4e8b\\u696d\\u90e8/\\u8ab2\", \"\\u4fc2\"]}}]',10,1),(273,'2025-11-20 23:37:16.325929','300','ルウ　ニュット　リン (班:プレス・組立班)',2,'[{\"changed\": {\"fields\": [\"\\u4e8b\\u696d\\u90e8/\\u8ab2\", \"\\u4fc2\"]}}]',10,1),(274,'2025-11-20 23:37:25.958692','301','内藤 優大 (班:プレス・組立班)',2,'[{\"changed\": {\"fields\": [\"\\u4e8b\\u696d\\u90e8/\\u8ab2\", \"\\u4fc2\"]}}]',10,1),(275,'2025-11-20 23:37:55.760115','280','中津 達広 (班:資材班)',2,'[{\"changed\": {\"fields\": [\"\\u4e8b\\u696d\\u90e8/\\u8ab2\", \"\\u4fc2\"]}}]',10,1),(276,'2025-11-20 23:38:28.426512','227','ヴー　ホアン　ヒエップ (班:資材班)',2,'[{\"changed\": {\"fields\": [\"\\u4e8b\\u696d\\u90e8/\\u8ab2\", \"\\u4fc2\"]}}]',10,1),(277,'2025-11-20 23:38:40.797120','284','カルドゾ　ディアス (班:資材班)',2,'[{\"changed\": {\"fields\": [\"\\u4e8b\\u696d\\u90e8/\\u8ab2\", \"\\u4fc2\"]}}]',10,1),(278,'2025-11-20 23:38:55.311017','283','ガレ ディペン (班:資材班)',2,'[{\"changed\": {\"fields\": [\"\\u4e8b\\u696d\\u90e8/\\u8ab2\", \"\\u4fc2\"]}}]',10,1),(279,'2025-11-20 23:39:04.744714','282','ケルビン　ルンガ (班:資材班)',2,'[{\"changed\": {\"fields\": [\"\\u4e8b\\u696d\\u90e8/\\u8ab2\", \"\\u4fc2\"]}}]',10,1),(280,'2025-11-20 23:39:14.688856','277','ハー　ブァン　フィ (班:資材班)',2,'[{\"changed\": {\"fields\": [\"\\u4e8b\\u696d\\u90e8/\\u8ab2\", \"\\u4fc2\"]}}]',10,1),(281,'2025-11-20 23:39:25.717823','275','ブイ　クオン　ズイ(BUI KHUONG DUY) (班:資材班)',2,'[{\"changed\": {\"fields\": [\"\\u4e8b\\u696d\\u90e8/\\u8ab2\", \"\\u4fc2\"]}}]',10,1),(282,'2025-11-20 23:40:36.362111','278','ホアン　ディン　ヴィエット (班:資材班)',2,'[{\"changed\": {\"fields\": [\"\\u4e8b\\u696d\\u90e8/\\u8ab2\", \"\\u4fc2\"]}}]',10,1),(283,'2025-11-20 23:40:50.023670','274','ポン⑯(PHUKHAENGMOK THIRAPHONG) (班:資材班)',2,'[{\"changed\": {\"fields\": [\"\\u4e8b\\u696d\\u90e8/\\u8ab2\", \"\\u4fc2\"]}}]',10,1),(284,'2025-11-20 23:41:13.532693','276','ヤー⑱(CHIABLAEM NATTHAWAT) (班:資材班)',3,'',10,1),(285,'2025-11-20 23:41:25.325529','269','佐倉 努 (班:資材班)',2,'[{\"changed\": {\"fields\": [\"\\u4e8b\\u696d\\u90e8/\\u8ab2\", \"\\u4fc2\"]}}]',10,1),(286,'2025-11-20 23:41:47.417445','272','倉澤 信樹 (班:資材班)',2,'[{\"changed\": {\"fields\": [\"\\u4e8b\\u696d\\u90e8/\\u8ab2\", \"\\u4fc2\"]}}]',10,1),(287,'2025-11-20 23:42:08.349522','271','北村 直也 (班:資材班)',2,'[{\"changed\": {\"fields\": [\"\\u4e8b\\u696d\\u90e8/\\u8ab2\", \"\\u4fc2\"]}}]',10,1),(288,'2025-11-20 23:42:41.242372','270','大田 恵理 (班:資材班)',2,'[{\"changed\": {\"fields\": [\"\\u4e8b\\u696d\\u90e8/\\u8ab2\", \"\\u4fc2\"]}}]',10,1),(289,'2025-11-20 23:43:20.068728','273','森本 夏生 (班:資材班)',2,'[{\"changed\": {\"fields\": [\"\\u4e8b\\u696d\\u90e8/\\u8ab2\", \"\\u4fc2\"]}}]',10,1),(290,'2025-11-20 23:43:32.257466','279','王 崇栓 (班:資材班)',2,'[{\"changed\": {\"fields\": [\"\\u4e8b\\u696d\\u90e8/\\u8ab2\", \"\\u4fc2\"]}}]',10,1),(291,'2025-11-20 23:43:41.438396','285','辻岡 良子 (班:資材班)',2,'[{\"changed\": {\"fields\": [\"\\u4e8b\\u696d\\u90e8/\\u8ab2\", \"\\u4fc2\"]}}]',10,1),(292,'2025-11-20 23:43:51.368179','281','高士 真次 (班:資材班)',2,'[{\"changed\": {\"fields\": [\"\\u4e8b\\u696d\\u90e8/\\u8ab2\", \"\\u4fc2\"]}}]',10,1),(293,'2025-11-20 23:45:18.693310','264','ヴァカ　キンジョウ (班:製缶3班)',2,'[{\"changed\": {\"fields\": [\"\\u4e8b\\u696d\\u90e8/\\u8ab2\", \"\\u4fc2\"]}}]',10,1),(294,'2025-11-20 23:45:36.643778','219','寺田 光騎 (班:製缶3班)',2,'[{\"changed\": {\"fields\": [\"\\u73ed\"]}}]',10,1),(295,'2025-11-20 23:45:51.390982','287','小林 建太 (部:プレス事業部)',2,'[{\"changed\": {\"fields\": [\"\\u4fc2\"]}}]',10,1),(296,'2025-11-20 23:45:59.325391','218','渥美 圭佑 (部:製缶事業部)',2,'[{\"changed\": {\"fields\": [\"\\u4fc2\"]}}]',10,1),(297,'2025-11-20 23:46:11.998851','220','藤澤 博 (部:人事総務部)',2,'[{\"changed\": {\"fields\": [\"Role\"]}}]',10,1),(298,'2025-11-21 00:19:52.911247','226','ジーミ⑯(CHUENTA NITIPON) (班:製缶1班)',2,'[{\"changed\": {\"fields\": [\"\\u4e8b\\u696d\\u90e8/\\u8ab2\", \"\\u4fc2\"]}}]',10,1),(299,'2025-11-21 00:34:48.027924','297','ヴィ　ディン　ルオン (部:プレス事業部)',2,'[{\"changed\": {\"fields\": [\"Department\"]}}]',10,1),(300,'2025-11-21 00:48:34.792021','238','フィルム⑱(PALASEN THAWATCHAI) (部:製缶事業部)',3,'',10,1),(301,'2025-11-21 00:48:34.792068','237','ボーイ⑰(SRABUA ANOOCHA) (部:製缶事業部)',3,'',10,1),(302,'2025-11-21 05:57:20.850879','220','藤澤 博 (部:製缶事業部)',2,'[{\"changed\": {\"fields\": [\"Department\", \"\\u4e8b\\u696d\\u90e8/\\u8ab2\", \"Position\"]}}]',10,1),(303,'2025-11-21 05:57:38.927184','32','部:人事総務部',3,'',7,1),(304,'2025-11-21 07:03:29.464529','1','admin',2,'[{\"changed\": {\"fields\": [\"User permissions\"]}}]',4,1),(305,'2025-11-21 23:09:14.312432','2','teisyutsu',1,'[{\"added\": {}}]',4,1),(306,'2025-11-21 23:11:19.976303','2','teisyutsu',2,'[{\"changed\": {\"fields\": [\"First name\", \"Last name\", \"Email address\"]}}]',4,1),(307,'2025-11-21 23:12:49.604054','2','teisyutsu',3,'',4,1),(308,'2025-11-21 23:13:10.425347','3','daiso',1,'[{\"added\": {}}]',4,1),(309,'2025-11-21 23:13:28.971464','3','daiso',2,'[]',4,1),(310,'2025-11-21 23:14:17.375842','3','daiso',2,'[{\"changed\": {\"fields\": [\"password\"]}}]',4,1),(311,'2025-11-22 00:18:42.474752','1','admin',2,'[{\"changed\": {\"fields\": [\"First name\", \"Last name\"]}}]',4,1),(312,'2025-11-22 00:58:51.883134','1','admin',2,'[{\"changed\": {\"fields\": [\"User permissions\"]}}]',4,1),(313,'2025-11-22 03:17:57.188705','3','daiso',2,'[{\"changed\": {\"fields\": [\"First name\"]}}]',4,1),(314,'2025-11-22 05:37:26.882332','6','seikankakari',2,'[{\"changed\": {\"fields\": [\"First name\", \"Last name\"]}}]',4,1),(315,'2025-11-22 07:05:04.385468','4','admin - システム管理者 (未設定)',2,'[{\"changed\": {\"fields\": [\"Role\"]}}]',14,1);
/*!40000 ALTER TABLE `django_admin_log` ENABLE KEYS */;
UNLOCK TABLES;

--
-- Table structure for table `django_content_type`
--

DROP TABLE IF EXISTS `django_content_type`;
/*!40101 SET @saved_cs_client     = @@character_set_client */;
/*!50503 SET character_set_client = utf8mb4 */;
CREATE TABLE `django_content_type` (
  `id` int NOT NULL AUTO_INCREMENT,
  `app_label` varchar(100) COLLATE utf8mb4_unicode_ci NOT NULL,
  `model` varchar(100) COLLATE utf8mb4_unicode_ci NOT NULL,
  PRIMARY KEY (`id`),
  UNIQUE KEY `django_content_type_app_label_model_76bd3d3b_uniq` (`app_label`,`model`)
) ENGINE=InnoDB AUTO_INCREMENT=17 DEFAULT CHARSET=utf8mb4 COLLATE=utf8mb4_unicode_ci;
/*!40101 SET character_set_client = @saved_cs_client */;

--
-- Dumping data for table `django_content_type`
--

LOCK TABLES `django_content_type` WRITE;
/*!40000 ALTER TABLE `django_content_type` DISABLE KEYS */;
INSERT INTO `django_content_type` VALUES (1,'admin','logentry'),(3,'auth','group'),(2,'auth','permission'),(4,'auth','user'),(5,'contenttypes','contenttype'),(7,'proposals','department'),(10,'proposals','employee'),(12,'proposals','employeepermission'),(11,'proposals','improvementproposal'),(8,'proposals','proposal'),(9,'proposals','proposalapproval'),(16,'proposals','proposalcontributor'),(15,'proposals','proposalimage'),(13,'proposals','userpermission'),(14,'proposals','userprofile'),(6,'sessions','session');
/*!40000 ALTER TABLE `django_content_type` ENABLE KEYS */;
UNLOCK TABLES;

--
-- Table structure for table `django_migrations`
--

DROP TABLE IF EXISTS `django_migrations`;
/*!40101 SET @saved_cs_client     = @@character_set_client */;
/*!50503 SET character_set_client = utf8mb4 */;
CREATE TABLE `django_migrations` (
  `id` bigint NOT NULL AUTO_INCREMENT,
  `app` varchar(255) COLLATE utf8mb4_unicode_ci NOT NULL,
  `name` varchar(255) COLLATE utf8mb4_unicode_ci NOT NULL,
  `applied` datetime(6) NOT NULL,
  PRIMARY KEY (`id`)
) ENGINE=InnoDB AUTO_INCREMENT=48 DEFAULT CHARSET=utf8mb4 COLLATE=utf8mb4_unicode_ci;
/*!40101 SET character_set_client = @saved_cs_client */;

--
-- Dumping data for table `django_migrations`
--

LOCK TABLES `django_migrations` WRITE;
/*!40000 ALTER TABLE `django_migrations` DISABLE KEYS */;
INSERT INTO `django_migrations` VALUES (1,'contenttypes','0001_initial','2025-11-19 22:06:13.709041'),(2,'auth','0001_initial','2025-11-19 22:06:14.445531'),(3,'admin','0001_initial','2025-11-19 22:06:14.692740'),(4,'admin','0002_logentry_remove_auto_add','2025-11-19 22:06:14.708170'),(5,'admin','0003_logentry_add_action_flag_choices','2025-11-19 22:06:14.724591'),(6,'contenttypes','0002_remove_content_type_name','2025-11-19 22:06:14.878860'),(7,'auth','0002_alter_permission_name_max_length','2025-11-19 22:06:14.968470'),(8,'auth','0003_alter_user_email_max_length','2025-11-19 22:06:15.012918'),(9,'auth','0004_alter_user_username_opts','2025-11-19 22:06:15.025664'),(10,'auth','0005_alter_user_last_login_null','2025-11-19 22:06:15.111962'),(11,'auth','0006_require_contenttypes_0002','2025-11-19 22:06:15.117236'),(12,'auth','0007_alter_validators_add_error_messages','2025-11-19 22:06:15.132432'),(13,'auth','0008_alter_user_username_max_length','2025-11-19 22:06:15.244687'),(14,'auth','0009_alter_user_last_name_max_length','2025-11-19 22:06:15.358777'),(15,'auth','0010_alter_group_name_max_length','2025-11-19 22:06:15.395301'),(16,'auth','0011_update_proxy_permissions','2025-11-19 22:06:15.415928'),(17,'auth','0012_alter_user_first_name_max_length','2025-11-19 22:06:15.511327'),(18,'proposals','0001_initial','2025-11-19 22:06:15.750931'),(19,'sessions','0001_initial','2025-11-19 22:06:15.803225'),(20,'proposals','0002_employee_improvementproposal_proposalapproval','2025-11-19 23:20:11.123858'),(21,'proposals','0003_employee_division_employee_group_employee_team','2025-11-20 00:05:31.661474'),(22,'proposals','0004_alter_improvementproposal_submitted_at','2025-11-20 01:01:58.837019'),(23,'proposals','0005_remove_improvementproposal_affiliation_and_more','2025-11-20 21:24:48.114468'),(24,'proposals','0006_alter_department_options_department_display_id_and_more','2025-11-21 05:50:30.816614'),(25,'proposals','0007_employeepermission','2025-11-21 23:39:28.710429'),(26,'proposals','0007_userpermission','2025-11-21 23:58:10.881720'),(27,'proposals','0008_change_userpermission_to_user','2025-11-22 00:13:44.469766'),(28,'proposals','0009_userprofile','2025-11-22 01:26:54.070296'),(29,'proposals','0010_proposalimage','2025-11-22 04:09:02.113095'),(30,'proposals','0011_add_admin_role','2025-11-22 07:06:12.292920'),(31,'proposals','0012_add_smtp_fields_to_userprofile','2025-11-22 07:20:08.269338'),(32,'proposals','0013_userprofile_email','2025-11-24 11:58:38.307136'),(33,'proposals','0014_improvementproposal_term_quarter','2025-11-24 20:33:23.291805'),(34,'proposals','0015_improvementproposal_proposal_classification','2025-11-24 20:50:49.402233'),(35,'proposals','0016_convert_proposal_classification_to_japanese','2025-11-24 20:59:45.223578'),(36,'proposals','0017_improvementproposal_committee_classification','2025-11-24 20:59:45.448098'),(37,'proposals','0018_alter_improvementproposal_proposal_classification','2025-11-25 11:32:12.636419'),(38,'proposals','0019_remove_improvementproposal_comment_and_more','2025-11-25 13:10:38.456377'),(39,'proposals','0020_add_serial_number','2025-11-25 15:24:52.570002'),(40,'proposals','0021_improvementproposal_classification_points','2025-11-25 16:29:30.130547'),(41,'proposals','0022_alter_improvementproposal_classification_points_and_more','2025-11-25 18:28:27.203322'),(42,'proposals','0023_improvementproposal_proposer_email','2025-11-25 20:06:15.968064'),(43,'proposals','0024_proposalcontributor_classification_points_share','2025-11-27 11:43:59.295370'),(44,'proposals','0025_employee_employment_type','2025-11-27 14:01:19.037619'),(45,'proposals','0026_proposalapproval_safety_flag_and_more','2025-11-27 14:24:51.388464'),(46,'proposals','0027_proposalcontributor_reward_amount','2025-11-27 16:33:21.635405'),(47,'proposals','0028_alter_reduction_hours_precision','2025-12-01 13:55:45.434963');
/*!40000 ALTER TABLE `django_migrations` ENABLE KEYS */;
UNLOCK TABLES;

--
-- Table structure for table `django_session`
--

DROP TABLE IF EXISTS `django_session`;
/*!40101 SET @saved_cs_client     = @@character_set_client */;
/*!50503 SET character_set_client = utf8mb4 */;
CREATE TABLE `django_session` (
  `session_key` varchar(40) COLLATE utf8mb4_unicode_ci NOT NULL,
  `session_data` longtext COLLATE utf8mb4_unicode_ci NOT NULL,
  `expire_date` datetime(6) NOT NULL,
  PRIMARY KEY (`session_key`),
  KEY `django_session_expire_date_a5c62663` (`expire_date`)
) ENGINE=InnoDB DEFAULT CHARSET=utf8mb4 COLLATE=utf8mb4_unicode_ci;
/*!40101 SET character_set_client = @saved_cs_client */;

--
-- Dumping data for table `django_session`
--

LOCK TABLES `django_session` WRITE;
/*!40000 ALTER TABLE `django_session` DISABLE KEYS */;
INSERT INTO `django_session` VALUES ('1lckxht9nduz6nydfeq2i95w686ue0ay','.eJxVjDsOwjAQBe_iGln-4Q8lfc5gre1dHEC2FCcV4u4QKQW0b2bei0XY1hq3gUucC7swyU6_W4L8wLaDcod26zz3ti5z4rvCDzr41As-r4f7d1Bh1G-NjkhoCAWFECAVFaXQCy9Qa-MoOyOztQSBsjTn4qUMqFIi5QOp5C17fwDsBTgC:1vQ39b:QoDTGShZ-NyNVPOBQ6X7gbqdO1U8VYJV0p48C_pZ8z4','2025-12-15 21:37:19.300271'),('2vygbatr4y6ygasg23lnvdkaws9mrfji','e30:1vOU7A:BimeJJ9IjLPsVljE_AOy1om87b764xKdWNxSUKaDZM4','2025-12-11 14:00:20.942724'),('3g1lek5ri7hdxdc3rquxnfgfxuiqeyog','.eJxVjDsOgzAQRO_iOrL8WWQ7ZfqcwVqzS0wS2RKGCuXuAYkCimnmvZlVRFzmHJfGUxxJ3EUnbucuYf_hsgN6Y3lV2dcyT2OSuyIP2uSzEn8fh3s5yNjyth4QDAOih8459JqSCSYAD8o5Mqg0EVrrk9WAjjQH0gBegVG8JZD4_QHjtjdi:1vNVVJ:f0zeqxGmh18ld2UU2vCxVYNWTyA7BUpxaliPt5KBrIQ','2025-12-08 21:17:13.466993'),('3qh3gauv7t2yckzr13vyglhub2fw9s2p','.eJxVjDsOwjAQBe_iGln-4Q8lfc5gre1dHEC2FCcV4u4QKQW0b2bei0XY1hq3gUucC7swyU6_W4L8wLaDcod26zz3ti5z4rvCDzr41As-r4f7d1Bh1G-NjkhoCAWFECAVFaXQCy9Qa-MoOyOztQSBsjTn4qUMqFIi5QOp5C17fwDsBTgC:1vLpka:VS8YByS6fNVn65kgrluD-wsLJ1_lHDt9PFBodXifyfk','2025-12-04 06:30:04.888503'),('7olszmnu02p3sgi88t7i6lj953yhzuak','.eJxVjDsOwjAQBe_iGln-4Q8lfc5gre1dHEC2FCcV4u4QKQW0b2bei0XY1hq3gUucC7swyU6_W4L8wLaDcod26zz3ti5z4rvCDzr41As-r4f7d1Bh1G-NjkhoCAWFECAVFaXQCy9Qa-MoOyOztQSBsjTn4qUMqFIi5QOp5C17fwDsBTgC:1vLpjZ:ALIq5EdVqD6sFXec6yVKVKcNiexNCCey4OZ1lW99Iq4','2025-12-04 06:29:01.253710'),('7vvw34mehvrpemec3wztes6enl1h7f8z','.eJxVjDsOwjAQBe_iGln-4Q8lfc5gre1dHEC2FCcV4u4QKQW0b2bei0XY1hq3gUucC7swyU6_W4L8wLaDcod26zz3ti5z4rvCDzr41As-r4f7d1Bh1G-NjkhoCAWFECAVFaXQCy9Qa-MoOyOztQSBsjTn4qUMqFIi5QOp5C17fwDsBTgC:1vM2ID:vb5IEBal9gBfJrxhFe8iN4tdsH2BqPY2bKBdaa9dTFY','2025-12-04 19:53:37.461587'),('7ycc9li4jbygsh1vher6la3dv9fqqais','.eJxVjDsOwjAQBe_iGln-4Q8lfc5gre1dHEC2FCcV4u4QKQW0b2bei0XY1hq3gUucC7swyU6_W4L8wLaDcod26zz3ti5z4rvCDzr41As-r4f7d1Bh1G-NjkhoCAWFECAVFaXQCy9Qa-MoOyOztQSBsjTn4qUMqFIi5QOp5C17fwDsBTgC:1vR5Pv:gdFOst0q19Sk4h3BClZaiSyGxFWo-9TFS7e4PDB6IqY','2025-12-18 18:14:27.238710'),('9vlz81dqeasryb5fr57oy1s8d1t3c1lt','.eJxVjDsOwjAQBe_iGlnxN15Kes5g7Xo3OIASKU4qxN0hUgpo38y8l8q4rTVvTZY8sjorp06_G2F5yLQDvuN0m3WZp3UZSe-KPmjT15nleTncv4OKrX5rEdNT5wKRFbKDOOgLGmHuPHg2FCEVcAMUSojRAztK0Qw2eAi9DajeHwXOOD8:1vObkg:KWu813EpAzy-Ve0CfIKweqOv3wiLCO2kEdtpfIcpWkw','2025-12-11 22:09:38.066535'),('adwb1w0rcajl331zuddz6vfkzgtv49b5','e30:1vOTw1:rvbY-6W0K7sDLQDSpG5kp5mMk2EMbP-Ypo4HlXhVRuM','2025-12-11 13:48:49.894857'),('af6bbke0w6vsp5ukbk5ng02fdzfi5sa2','.eJxVjDsOwjAQBe_iGlnxN15Kes5g7Xo3OIASKU4qxN0hUgpo38y8l8q4rTVvTZY8sjorp06_G2F5yLQDvuN0m3WZp3UZSe-KPmjT15nleTncv4OKrX5rEdNT5wKRFbKDOOgLGmHuPHg2FCEVcAMUSojRAztK0Qw2eAi9DajeHwXOOD8:1vOcJH:-BdmOW4fugx-3izrxEN6TnaylPyEFiYuis499GKFvsw','2025-12-11 22:45:23.935130'),('aip4ln4dohzznslaqg7czh2v91d62zit','.eJxVjDsOwjAQBe_iGlnxN15Kes5g7Xo3OIASKU4qxN0hUgpo38y8l8q4rTVvTZY8sjorp06_G2F5yLQDvuN0m3WZp3UZSe-KPmjT15nleTncv4OKrX5rEdNT5wKRFbKDOOgLGmHuPHg2FCEVcAMUSojRAztK0Qw2eAi9DajeHwXOOD8:1vNgBS:64OSsKoyHHHTG6-dcoT8W5o7Gt9gCHb4P5fKmL2U8pg','2025-12-09 08:41:26.938350'),('be3mqffzkb3nawl4f9bwy3k5h8x2nk8d','e30:1vOU76:c4OTvNnKZhwvu-kwq6KtlGtwCFgZSR7NMnsWxZqqz2g','2025-12-11 14:00:16.533955'),('bwm0vyhv369ntni7ai3s5df7rghcqsts','e30:1vOTsR:bI3plDBTwfn9yCPVxocmAc2luytmDvVISiidcsnznRo','2025-12-11 13:45:07.937890'),('by3755gfggyhua3brr3ex31lz2w38aa7','.eJxVjDsOwjAQBe_iGln-4Q8lfc5gre1dHEC2FCcV4u4QKQW0b2bei0XY1hq3gUucC7swyU6_W4L8wLaDcod26zz3ti5z4rvCDzr41As-r4f7d1Bh1G-NjkhoCAWFECAVFaXQCy9Qa-MoOyOztQSBsjTn4qUMqFIi5QOp5C17fwDsBTgC:1vLnnq:nRKGQwusnYSSKnsBY6oXSzFHfl3mtLHAGDA2Ka0leZo','2025-12-04 04:25:18.199519'),('e7n8i1wwcvo77orab098sz8ev46o2r2m','.eJxVjDsOwjAQBe_iGln-4Q8lfc5gre1dHEC2FCcV4u4QKQW0b2bei0XY1hq3gUucC7swyU6_W4L8wLaDcod26zz3ti5z4rvCDzr41As-r4f7d1Bh1G-NjkhoCAWFECAVFaXQCy9Qa-MoOyOztQSBsjTn4qUMqFIi5QOp5C17fwDsBTgC:1vM2g2:_Xw2n8yt46cNhno7u2-S465RpFX3v_9AxUPRcEEhLE8','2025-12-04 20:18:14.307331'),('evsed9elbdyulsckj707294osy20em48','.eJxVjDsOwjAQBe_iGln-4Q8lfc5gre1dHEC2FCcV4u4QKQW0b2bei0XY1hq3gUucC7swyU6_W4L8wLaDcod26zz3ti5z4rvCDzr41As-r4f7d1Bh1G-NjkhoCAWFECAVFaXQCy9Qa-MoOyOztQSBsjTn4qUMqFIi5QOp5C17fwDsBTgC:1vLngS:LquXMU3QReQso19KL3WzBIxC7Q_AcnVLoUArQMACvoc','2025-12-04 04:17:40.013921'),('gu2xy9p0tfzfhrtc6n8dahfj4llaawyv','.eJxVjDsOwjAQBe_iGln-4Q8lfc5gre1dHEC2FCcV4u4QKQW0b2bei0XY1hq3gUucC7swyU6_W4L8wLaDcod26zz3ti5z4rvCDzr41As-r4f7d1Bh1G-NjkhoCAWFECAVFaXQCy9Qa-MoOyOztQSBsjTn4qUMqFIi5QOp5C17fwDsBTgC:1vMSsc:9V8XHOagxfSJMO4C-Mc4bZw5EQbtPh-Z46plUBps01U','2025-12-06 00:16:58.881552'),('ivfw8moousgh5864i9gcpujoub4tg3rm','.eJxVjDsOwjAQBe_iGlnxN15Kes5g7Xo3OIASKU4qxN0hUgpo38y8l8q4rTVvTZY8sjorp06_G2F5yLQDvuN0m3WZp3UZSe-KPmjT15nleTncv4OKrX5rEdNT5wKRFbKDOOgLGmHuPHg2FCEVcAMUSojRAztK0Qw2eAi9DajeHwXOOD8:1vOYQ7:cG0so05-nY44lMMmZBaf0NIYriH18cGvc0E8lShN4gQ','2025-12-11 18:36:11.501071'),('kbrtfju1y61z4531q7naaqhp2zsihxc7','.eJxVjDsOwjAQBe_iGln-4Q8lfc5gre1dHEC2FCcV4u4QKQW0b2bei0XY1hq3gUucC7swyU6_W4L8wLaDcod26zz3ti5z4rvCDzr41As-r4f7d1Bh1G-NjkhoCAWFECAVFaXQCy9Qa-MoOyOztQSBsjTn4qUMqFIi5QOp5C17fwDsBTgC:1vR4IU:mZmi0ACBBbRrZRW54OluivNEdzkA1OehQSzzh1EF7U4','2025-12-18 17:02:42.804176'),('m76ujmbh3gltccqkmsdt8y66jusq43lj','.eJxVjDsOwjAQBe_iGln-4Q8lfc5gre1dHEC2FCcV4u4QKQW0b2bei0XY1hq3gUucC7swyU6_W4L8wLaDcod26zz3ti5z4rvCDzr41As-r4f7d1Bh1G-NjkhoCAWFECAVFaXQCy9Qa-MoOyOztQSBsjTn4qUMqFIi5QOp5C17fwDsBTgC:1vTKbD:CLrPGeIWQUEhYutiwsBny8JUjM3GIr-TwMqb-f0t8Ys','2025-12-24 22:51:23.015817'),('mgvcmacc2x3d6eh4hpnw4vmnv7l8tx23','.eJxVjDsOwjAQBe_iGln-4Q8lfc5gre1dHEC2FCcV4u4QKQW0b2bei0XY1hq3gUucC7swyU6_W4L8wLaDcod26zz3ti5z4rvCDzr41As-r4f7d1Bh1G-NjkhoCAWFECAVFaXQCy9Qa-MoOyOztQSBsjTn4qUMqFIi5QOp5C17fwDsBTgC:1vPsiV:flYq3_OUTj-SJ-FocanW9PY_N5JQAGOXErvRS4tUJLo','2025-12-15 10:28:39.928410'),('mw55cltpb1bzu41xdpedwfrdcyilqos9','.eJxVjDsOwjAQBe_iGln-4Q8lfc5gre1dHEC2FCcV4u4QKQW0b2bei0XY1hq3gUucC7swyU6_W4L8wLaDcod26zz3ti5z4rvCDzr41As-r4f7d1Bh1G-NjkhoCAWFECAVFaXQCy9Qa-MoOyOztQSBsjTn4qUMqFIi5QOp5C17fwDsBTgC:1vM5hx:Rlr0r9lVhRrrlGoapTAutkv4b64_7uB9pEe72kpZDng','2025-12-04 23:32:25.540257'),('nbx1gi6snjj4zbvwyjenfdwsbb3a35io','.eJxVjEEOwiAQRe_C2hCYDhBcuvcMZICpVA0kpV013t026UK3_733NxFoXUpYO89hyuIqnLj8bpHSi-sB8pPqo8nU6jJPUR6KPGmX95b5fTvdv4NCvew1RwfAnmGw2aHzI_sRjNM2aYfGAGUCMhZAGa8to0mRFeAe4IDslfh8AdDLNvA:1vPyNv:ACfBs09K8zAQbGXayYyoSiWLt5SNL8TacOpKj7BPLY4','2025-12-15 16:31:47.895768'),('odofph1u5hxp5z445k7s1pw8rnla7pys','.eJxVjDsOwjAQBe_iGln-4Q8lfc5gre1dHEC2FCcV4u4QKQW0b2bei0XY1hq3gUucC7swyU6_W4L8wLaDcod26zz3ti5z4rvCDzr41As-r4f7d1Bh1G-NjkhoCAWFECAVFaXQCy9Qa-MoOyOztQSBsjTn4qUMqFIi5QOp5C17fwDsBTgC:1vR3Ji:XPuoGHbfxrTAbVrmsAb1qc94SD1IQ-5g22qapMFKSiw','2025-12-18 15:59:54.525162'),('pb7s7eoa5mnfj9hy9w50zm10i25fvi5k','.eJxVjDsOwjAQBe_iGln-4Q8lfc5gre1dHEC2FCcV4u4QKQW0b2bei0XY1hq3gUucC7swyU6_W4L8wLaDcod26zz3ti5z4rvCDzr41As-r4f7d1Bh1G-NjkhoCAWFECAVFaXQCy9Qa-MoOyOztQSBsjTn4qUMqFIi5QOp5C17fwDsBTgC:1vLpkA:s_Xq3vKBpN3KAHcoGN7LOWG0lnwxRIHpxVySWn2FQBc','2025-12-04 06:29:38.376671'),('qpmbcgxl2kas4p0p2hxs40ollk1cemqs','.eJxVjDsOwjAQBe_iGln-4Q8lfc5gre1dHEC2FCcV4u4QKQW0b2bei0XY1hq3gUucC7swyU6_W4L8wLaDcod26zz3ti5z4rvCDzr41As-r4f7d1Bh1G-NjkhoCAWFECAVFaXQCy9Qa-MoOyOztQSBsjTn4qUMqFIi5QOp5C17fwDsBTgC:1vLplk:IvrmawXmYhJ6FpusGvf6ssOX4KPyh81Bf5l2sae1_Ig','2025-12-04 06:31:16.120024'),('r1f0qtjvij4n7pbt1felq0fp0px2erpg','.eJxVjDsOwjAQBe_iGlnxN15Kes5g7Xo3OIASKU4qxN0hUgpo38y8l8q4rTVvTZY8sjorp06_G2F5yLQDvuN0m3WZp3UZSe-KPmjT15nleTncv4OKrX5rEdNT5wKRFbKDOOgLGmHuPHg2FCEVcAMUSojRAztK0Qw2eAi9DajeHwXOOD8:1vOm3X:fgp1pmQ0l_5kq1uaxwmS1K2-71Bc7b2WEI24e8oKMZA','2025-12-12 09:09:47.311054'),('rog1vqesm93cmtabetsimpi5kzen9x8b','.eJxVjDsOwjAQBe_iGlnxN15Kes5g7Xo3OIASKU4qxN0hUgpo38y8l8q4rTVvTZY8sjorp06_G2F5yLQDvuN0m3WZp3UZSe-KPmjT15nleTncv4OKrX5rEdNT5wKRFbKDOOgLGmHuPHg2FCEVcAMUSojRAztK0Qw2eAi9DajeHwXOOD8:1vOYSa:8NZ5PXed7Hhp_BR89zE8EI0muonX7m2IXmtZQshs5iU','2025-12-11 18:38:44.582832'),('tpsmfxegg7vw1ct28ps1govclsrds3ew','.eJxVjEEOwiAQRe_C2pChU0BcuvcMZJhBqRpISrsy3l2bdKHb_977LxVpXUpce57jJOqknDr8bon4kesG5E711jS3usxT0puid9r1pUl-nnf376BQL9-aErPPIACOYBh4RAAvSPbKIw0k4UijRTTJBhO8sHMBDaL44JIFh-r9AeY9Nyw:1vPwg7:6TNn0gx2Cpds-WfGZf4N6aajRuyk2jGa_Nk5-tOChik','2025-12-15 14:42:27.724045'),('vwlo9et7zusuidh1udacz4a5i8y7huda','e30:1vOTwI:JQlVHVPw6saGy2QwN0l0d2jThuWcDqxQIBCTcJ0QcDM','2025-12-11 13:49:06.425522'),('x7rqsuzzdh3j5ejm2z5fdoa9epuhwy7w','.eJxVjDsOwjAQBe_iGln-4Q8lfc5gre1dHEC2FCcV4u4QKQW0b2bei0XY1hq3gUucC7swyU6_W4L8wLaDcod26zz3ti5z4rvCDzr41As-r4f7d1Bh1G-NjkhoCAWFECAVFaXQCy9Qa-MoOyOztQSBsjTn4qUMqFIi5QOp5C17fwDsBTgC:1vM2e6:sCuXzWn60-7pMVuQDchWBbomkpq8tRbIzpcCH7KeL0I','2025-12-04 20:16:14.635667'),('z457sf1nap221x9q6mno4epzecnpr0wr','.eJxVjDsOwjAQBe_iGln-4Q8lfc5gre1dHEC2FCcV4u4QKQW0b2bei0XY1hq3gUucC7swyU6_W4L8wLaDcod26zz3ti5z4rvCDzr41As-r4f7d1Bh1G-NjkhoCAWFECAVFaXQCy9Qa-MoOyOztQSBsjTn4qUMqFIi5QOp5C17fwDsBTgC:1vLpkO:BEJwt7fA64d5nW2hnwsXf2pusI6c1Aat0KOtsrDZqdo','2025-12-04 06:29:52.092540'),('zwueto67lr02ryz1352yf39d0rlu4zzu','.eJxVjDsOwjAQBe_iGlng7y4lPWew1msbB5AtxUmFuDtESgHtm5n3EoHWpYZ15DlMSZwFiMPvFokfuW0g3anduuTelnmKclPkToe89pSfl939O6g06rc2lk-FgCIeCxErHdk6lz0Zq9hbBLQYFYDLxJYLmqQSae210-wQtHh_APqMN_A:1vNT3t:VBlTYwKtZdIpE8seTh_9Et3Ns4xZg3_AXrWpQTggceU','2025-12-08 18:40:45.836350');
/*!40000 ALTER TABLE `django_session` ENABLE KEYS */;
UNLOCK TABLES;

--
-- Table structure for table `proposals_department`
--

DROP TABLE IF EXISTS `proposals_department`;
/*!40101 SET @saved_cs_client     = @@character_set_client */;
/*!50503 SET character_set_client = utf8mb4 */;
CREATE TABLE `proposals_department` (
  `id` bigint NOT NULL AUTO_INCREMENT,
  `name` varchar(100) COLLATE utf8mb4_unicode_ci NOT NULL,
  `level` varchar(20) COLLATE utf8mb4_unicode_ci NOT NULL,
  `parent_id` bigint DEFAULT NULL,
  `display_id` int NOT NULL,
  PRIMARY KEY (`id`),
  UNIQUE KEY `proposals_department_name_level_39137e89_uniq` (`name`,`level`),
  KEY `proposals_department_parent_id_41f9643a_fk_proposals` (`parent_id`),
  CONSTRAINT `proposals_department_parent_id_41f9643a_fk_proposals` FOREIGN KEY (`parent_id`) REFERENCES `proposals_department` (`id`)
) ENGINE=InnoDB AUTO_INCREMENT=34 DEFAULT CHARSET=utf8mb4 COLLATE=utf8mb4_unicode_ci;
/*!40101 SET character_set_client = @saved_cs_client */;

--
-- Dumping data for table `proposals_department`
--

LOCK TABLES `proposals_department` WRITE;
/*!40000 ALTER TABLE `proposals_department` DISABLE KEYS */;
INSERT INTO `proposals_department` VALUES (1,'製缶事業部','division',NULL,1),(2,'プレス事業部','division',NULL,2),(3,'プレス・組立係','group',2,0),(4,'プレス・組立班','team',3,0),(5,'製缶係','group',1,0),(6,'製缶1班','team',5,0),(7,'製缶2班','team',5,0),(8,'製缶3班','team',5,0),(9,'資材班','team',5,0),(10,'営業戦略課','division',NULL,8),(11,'営業係','group',10,0),(12,'営業班','team',11,0),(13,'設計調達係','group',10,0),(14,'設計調達班','team',13,0),(15,'生産技術課','division',NULL,9),(16,'生産技術係','group',15,0),(17,'新技術班','team',16,0),(18,'生産技術班','team',16,0),(19,'保全班','team',16,0),(20,'品質管理課','division',NULL,5),(21,'品質管理係','group',20,0),(22,'経営企画課','division',NULL,7),(23,'人事戦略課','division',NULL,6),(24,'人事戦略班','team',23,0),(25,'FA事業部','division',NULL,4),(26,'塗装事業部','division',NULL,3),(27,'塗装係','group',26,0),(28,'着荷班','team',27,0),(29,'塗装班','team',27,0),(30,'出荷班','team',27,0),(31,'設備管理班','team',27,0),(33,'全社事業部','division',NULL,0);
/*!40000 ALTER TABLE `proposals_department` ENABLE KEYS */;
UNLOCK TABLES;

--
-- Table structure for table `proposals_employee`
--

DROP TABLE IF EXISTS `proposals_employee`;
/*!40101 SET @saved_cs_client     = @@character_set_client */;
/*!50503 SET character_set_client = utf8mb4 */;
CREATE TABLE `proposals_employee` (
  `id` bigint NOT NULL AUTO_INCREMENT,
  `code` varchar(32) COLLATE utf8mb4_unicode_ci NOT NULL,
  `name` varchar(100) COLLATE utf8mb4_unicode_ci NOT NULL,
  `email` varchar(254) COLLATE utf8mb4_unicode_ci NOT NULL,
  `position` varchar(100) COLLATE utf8mb4_unicode_ci NOT NULL,
  `role` varchar(20) COLLATE utf8mb4_unicode_ci NOT NULL,
  `is_active` tinyint(1) NOT NULL,
  `joined_on` date DEFAULT NULL,
  `department_id` bigint NOT NULL,
  `user_id` int DEFAULT NULL,
  `division` varchar(100) COLLATE utf8mb4_unicode_ci NOT NULL,
  `group` varchar(100) COLLATE utf8mb4_unicode_ci NOT NULL,
  `team` varchar(100) COLLATE utf8mb4_unicode_ci NOT NULL,
  `employment_type` varchar(20) COLLATE utf8mb4_unicode_ci NOT NULL,
  PRIMARY KEY (`id`),
  UNIQUE KEY `code` (`code`),
  UNIQUE KEY `user_id` (`user_id`),
  KEY `proposals_employee_department_id_2b0aefc9_fk_proposals` (`department_id`),
  CONSTRAINT `proposals_employee_department_id_2b0aefc9_fk_proposals` FOREIGN KEY (`department_id`) REFERENCES `proposals_department` (`id`),
  CONSTRAINT `proposals_employee_user_id_0059d0bd_fk_auth_user_id` FOREIGN KEY (`user_id`) REFERENCES `auth_user` (`id`)
) ENGINE=InnoDB AUTO_INCREMENT=310 DEFAULT CHARSET=utf8mb4 COLLATE=utf8mb4_unicode_ci;
/*!40101 SET character_set_client = @saved_cs_client */;

--
-- Dumping data for table `proposals_employee`
--

LOCK TABLES `proposals_employee` WRITE;
/*!40000 ALTER TABLE `proposals_employee` DISABLE KEYS */;
INSERT INTO `proposals_employee` VALUES (216,'000170','冨嶋 聖太','','正（準）社員','staff',1,NULL,1,NULL,'製缶事業部','','','regular'),(217,'000041','北山 慶一郎','','事業部長','manager',1,NULL,1,NULL,'製缶事業部','','','regular'),(218,'000108','渥美 圭佑','','係長','chief',1,NULL,1,NULL,'製缶事業部','製缶係','','regular'),(219,'000201','寺田 光騎','','班長','supervisor',1,NULL,1,NULL,'製缶事業部','製缶係','製缶3班','regular'),(220,'000352','藤澤 博','','','staff',1,NULL,1,NULL,'製缶事業部','','','regular'),(221,'000026','安部 政弘','','正（準）社員','staff',1,NULL,1,NULL,'製缶事業部','製缶係','製缶1班','regular'),(222,'000253','田口 武','','正（準）社員','staff',1,NULL,1,NULL,'製缶事業部','製缶係','製缶1班','regular'),(223,'000337','田村 天良','','正（準）社員','staff',1,NULL,1,NULL,'製缶事業部','製缶係','製缶1班','regular'),(224,'000354','今田 栞暉','','正（準）社員','staff',1,NULL,1,NULL,'製缶事業部','製缶係','製缶1班','regular'),(225,'000397','伊藤 暖','','正（準）社員','staff',1,NULL,1,NULL,'製缶事業部','製缶係','製缶1班','regular'),(226,'000418','ジーミ⑯(CHUENTA NITIPON)','','特定技能実習生','staff',1,NULL,1,NULL,'製缶事業部','製缶係','製缶1班','skilled'),(227,'000468','ヴー　ホアン　ヒエップ','','特定技能実習生','staff',1,NULL,1,NULL,'製缶事業部','製缶係','資材班','skilled'),(228,'000473','ブライト(SUYALUNGKA PHUWAPHAT)','','実習生','staff',1,NULL,1,NULL,'製缶事業部','製缶係','製缶1班','intern'),(229,'100684','タグヂング　レイナウド　ジュニア　アギ','','人材派遣','staff',1,NULL,1,NULL,'製缶事業部','製缶係','製缶1班','temporary'),(230,'100699','ﾎｼﾉ　ﾏﾙｾﾛ','','人材派遣','staff',1,NULL,1,NULL,'製缶事業部','製缶係','製缶1班','temporary'),(231,'100938','ボンザチ　ササキ　レアンドロ','','人材派遣','staff',1,NULL,1,NULL,'製缶事業部','製缶係','製缶1班','temporary'),(232,'100693','龍頭 デルフォス','','人材派遣','staff',1,NULL,1,NULL,'製缶事業部','製缶係','製缶1班','temporary'),(233,'000292','亀田 冬威','','正（準）社員','staff',1,NULL,1,NULL,'製缶事業部','製缶係','製缶2班','regular'),(234,'000394','川戸 亮摩','','正（準）社員','staff',1,NULL,1,NULL,'製缶事業部','製缶係','製缶2班','regular'),(235,'000458','濱﨑 凜太朗','','正（準）社員','staff',1,NULL,1,NULL,'製缶事業部','製缶係','製缶2班','regular'),(236,'000492','塚尾 蓮','','正（準）社員','staff',1,NULL,1,NULL,'製缶事業部','製缶係','製缶2班','regular'),(239,'000482','イーン⑲(TANGTONG THANAKRIT)','','特定技能実習生','staff',1,NULL,1,NULL,'製缶事業部','製缶係','製缶2班','skilled'),(240,'000483','サン⑲(JUPAMATTHA APIWAT)','','特定技能実習生','staff',1,NULL,1,NULL,'製缶事業部','製缶係','製缶2班','skilled'),(241,'000496','ブーム⑳(MUAIDEE THANARAK)','','特定技能実習生','staff',1,NULL,1,NULL,'製缶事業部','製缶係','製缶2班','skilled'),(242,'000433','ベンツ㉑(BOONNAK NANTHAWAT)','','実習生','staff',1,NULL,1,NULL,'製缶事業部','製缶係','製缶2班','intern'),(243,'000434','キュウ㉑(PHURUNG SORAWIT)','','実習生','staff',1,'2025-11-27',1,NULL,'製缶事業部','製缶係','製缶2班','intern'),(244,'000438','ソーダ㉑（NOITA LIKHITSANON）','','実習生','staff',1,NULL,1,NULL,'製缶事業部','製缶係','製缶2班','intern'),(245,'000442','クルイ㉒（JANTEE BOONYARIT）','','実習生','staff',1,NULL,1,NULL,'製缶事業部','製缶係','製缶2班','intern'),(246,'000443','ヌ㉒（BOONTA ANUWAT)','','実習生','staff',1,NULL,1,NULL,'製缶事業部','製缶係','製缶2班','intern'),(247,'000475','ドーム(PROMWIJIT NATTAWAT)','','実習生','staff',1,NULL,1,NULL,'製缶事業部','製缶係','製缶2班','intern'),(248,'100813','内山 ファビオ','','人材派遣','staff',1,NULL,1,NULL,'製缶事業部','製缶係','製缶2班','temporary'),(249,'100948','スギモト ミツキ','','人材派遣','staff',1,NULL,1,NULL,'製缶事業部','製缶係','製缶2班','temporary'),(250,'000171','民田 年秀','','正（準）社員','staff',1,NULL,1,NULL,'製缶事業部','製缶係','製缶3班','regular'),(251,'000231','神田 遼平','','正（準）社員','staff',1,NULL,1,NULL,'製缶事業部','製缶係','製缶3班','regular'),(252,'000324','徳田 裕太郎','','正（準）社員','staff',1,NULL,1,NULL,'製缶事業部','製缶係','製缶3班','regular'),(253,'000439','グエン　ヴァン(NGUYEN VAN DONG)','','特定技能実習生','staff',1,NULL,1,NULL,'製缶事業部','製缶係','製缶3班','skilled'),(254,'000452','レ　グエン　ヒエウ　チュン','','特定技能実習生','staff',1,NULL,1,NULL,'製缶事業部','製缶係','製缶3班','skilled'),(255,'000465','カオ　ティエン チュン','','特定技能実習生','staff',1,NULL,1,NULL,'製缶事業部','製缶係','製缶3班','skilled'),(256,'000470','ファム　クアン　チョン','','特定技能実習生','staff',1,NULL,1,NULL,'製缶事業部','製缶係','製缶3班','skilled'),(257,'000484','コンベン⑲(PHOLDET RITTHINAN)','','特定技能実習生','staff',1,NULL,1,NULL,'製缶事業部','製缶係','製缶3班','skilled'),(258,'000495','ターン⑳(PENGSUNGNOEN PIROMPORN)','','特定技能実習生','staff',1,NULL,1,NULL,'製缶事業部','製缶係','製缶3班','skilled'),(259,'000432','ビュー㉑（SINGKANYA　JEERASAK）','','実習生','staff',1,NULL,1,NULL,'製缶事業部','製缶係','製缶3班','intern'),(260,'000444','ジェー㉒（THANGCHOY CHONLASIT)','','実習生','staff',1,NULL,1,NULL,'製缶事業部','製缶係','製缶3班','intern'),(261,'000447','トゥーン㉒(NOPCHAMNAN NATTAPON)','','実習生','staff',1,NULL,1,NULL,'製缶事業部','製缶係','製缶3班','intern'),(262,'000474','タ(SRISOPHA　WISIT）','','実習生','staff',1,NULL,1,NULL,'製缶事業部','製缶係','製缶3班','intern'),(263,'100023','永井 誠','','人材派遣','staff',1,NULL,1,NULL,'製缶事業部','製缶係','製缶3班','temporary'),(264,'100724','ヴァカ　キンジョウ','','人材派遣','staff',1,NULL,1,NULL,'製缶事業部','製缶係','製缶3班','temporary'),(265,'100784','パルマ　ジル','','人材派遣','staff',1,NULL,1,NULL,'製缶事業部','製缶係','製缶3班','temporary'),(266,'100940','デ　オリベイラ　オキダ　ラファエル','','人材派遣','staff',1,NULL,1,NULL,'製缶事業部','製缶係','製缶3班','temporary'),(267,'100821','モレッチ　オオタ','','人材派遣','staff',1,NULL,1,NULL,'製缶事業部','製缶係','製缶3班','temporary'),(268,'100835','ソウザ ビクトル','','人材派遣','staff',1,NULL,1,NULL,'製缶事業部','製缶係','製缶3班','temporary'),(269,'000037','佐倉 努','','正（準）社員','staff',1,NULL,1,NULL,'製缶事業部','製缶係','資材班','regular'),(270,'000144','大田 恵理','','正（準）社員','staff',1,NULL,1,NULL,'製缶事業部','製缶係','資材班','regular'),(271,'000199','北村 直也','','正（準）社員','staff',1,NULL,1,NULL,'製缶事業部','製缶係','資材班','regular'),(272,'000208','倉澤 信樹','','正（準）社員','staff',1,NULL,1,NULL,'製缶事業部','製缶係','資材班','regular'),(273,'000294','森本 夏生','','正（準）社員','staff',1,NULL,1,NULL,'製缶事業部','製缶係','資材班','regular'),(274,'000420','ポン⑯(PHUKHAENGMOK THIRAPHONG)','','特定技能実習生','staff',1,NULL,1,NULL,'製缶事業部','製缶係','資材班','skilled'),(275,'000440','ブイ　クオン　ズイ(BUI KHUONG DUY)','','特定技能実習生','staff',1,NULL,1,NULL,'製缶事業部','製缶係','資材班','skilled'),(277,'000466','ハー　ブァン　フィ','','特定技能実習生','staff',1,NULL,1,NULL,'製缶事業部','製缶係','資材班','skilled'),(278,'000488','ホアン　ディン　ヴィエット','','特定技能実習生','staff',1,NULL,1,NULL,'製缶事業部','製缶係','資材班','skilled'),(279,'000175','王 崇栓','','班長','supervisor',1,NULL,1,NULL,'製缶事業部','製缶係','資材班','regular'),(280,'100044','中津 達広','','人材派遣','staff',1,NULL,1,NULL,'製缶事業部','製缶係','資材班','temporary'),(281,'100760','高士 真次','','人材派遣','staff',1,NULL,1,NULL,'製缶事業部','製缶係','資材班','temporary'),(282,'100799','ケルビン　ルンガ','','人材派遣','staff',1,NULL,1,NULL,'製缶事業部','製缶係','資材班','temporary'),(283,'100597','ガレ ディペン','','人材派遣','staff',1,NULL,1,NULL,'製缶事業部','製缶係','資材班','temporary'),(284,'100815','カルドゾ　ディアス','','人材派遣','staff',1,NULL,1,NULL,'製缶事業部','製缶係','資材班','temporary'),(285,'100926','辻岡 良子','','人材派遣','staff',1,NULL,1,NULL,'製缶事業部','製缶係','資材班','temporary'),(286,'000429','後藤 美憲','','事業部長','manager',1,NULL,2,NULL,'プレス事業部','','','regular'),(287,'000119','小林 建太','','係長','chief',1,NULL,2,NULL,'プレス事業部','プレス・組立係','','regular'),(288,'000031','若畑 裕丈','','正（準）社員','staff',1,NULL,2,NULL,'プレス事業部','','プレス・組立班','regular'),(289,'000092','山際 誠','','正（準）社員','staff',1,NULL,2,NULL,'プレス事業部','','プレス・組立班','regular'),(290,'000224','萩 聖弥','','正（準）社員','staff',1,NULL,2,NULL,'プレス事業部','','プレス・組立班','regular'),(291,'000441','冨谷 琢磨','','正（準）社員','staff',1,NULL,2,NULL,'プレス事業部','','プレス・組立班','regular'),(292,'000460','椙浦 匠哉','','正（準）社員','staff',1,NULL,2,NULL,'プレス事業部','','プレス・組立班','regular'),(293,'000487','山下 健','','正（準）社員','staff',1,NULL,2,NULL,'プレス事業部','','プレス・組立班','regular'),(294,'000032','田村 直喜','','パート、時給者','staff',1,NULL,2,NULL,'プレス事業部','','プレス・組立班','regular'),(295,'000050','松田 きよ子','','パート、時給者','staff',1,NULL,2,NULL,'プレス事業部','','プレス・組立班','regular'),(296,'000453','ダオ　クアン　ギア','','特定技能実習生','staff',1,NULL,2,NULL,'プレス事業部','プレス・組立係','プレス・組立班','skilled'),(297,'000455','ヴィ　ディン　ルオン','','特定技能実習生','staff',1,'2025-11-27',2,1,'プレス事業部','プレス・組立係','プレス・組立班','skilled'),(298,'000464','ブイ　バン　マン','','特定技能実習生','staff',1,NULL,2,NULL,'プレス事業部','プレス・組立係','プレス・組立班','skilled'),(299,'000471','ファン ホアイ バオ','','特定技能実習生','staff',1,NULL,2,NULL,'プレス事業部','プレス・組立係','プレス・組立班','skilled'),(300,'000472','ルウ　ニュット　リン','','特定技能実習生','staff',1,NULL,2,NULL,'プレス事業部','プレス・組立係','プレス・組立班','skilled'),(301,'100816','内藤 優大','','人材派遣','staff',1,NULL,2,NULL,'プレス事業部','プレス・組立係','プレス・組立班','temporary'),(302,'000065','河野 正彦','','正（準）社員','staff',1,NULL,2,NULL,'プレス事業部','','プレス・組立班','regular'),(303,'000205','横田 里夏','','正（準）社員','staff',1,NULL,2,NULL,'プレス事業部','','プレス・組立班','regular'),(304,'000355','松本 莉奈','','正（準）社員','staff',1,NULL,2,NULL,'プレス事業部','','プレス・組立班','regular'),(305,'100851','カリノ ダニエル','','人材派遣','staff',1,'2025-11-27',2,3,'プレス事業部','プレス・組立係','プレス・組立班','temporary'),(306,'100894','片岡 マリオ','','人材派遣','staff',1,NULL,2,NULL,'プレス事業部','','プレス・組立班','temporary'),(307,'100897','小西 英治','','人材派遣','staff',1,NULL,2,NULL,'プレス事業部','','プレス・組立班','temporary'),(308,'TMP81664','長濱　弦','','','staff',1,NULL,10,NULL,'','','','regular'),(309,'TMP56023','西尾 直行','','','staff',1,NULL,2,NULL,'','','','regular');
/*!40000 ALTER TABLE `proposals_employee` ENABLE KEYS */;
UNLOCK TABLES;

--
-- Table structure for table `proposals_employeepermission`
--

DROP TABLE IF EXISTS `proposals_employeepermission`;
/*!40101 SET @saved_cs_client     = @@character_set_client */;
/*!50503 SET character_set_client = utf8mb4 */;
CREATE TABLE `proposals_employeepermission` (
  `id` bigint NOT NULL AUTO_INCREMENT,
  `resource` varchar(50) COLLATE utf8mb4_unicode_ci NOT NULL,
  `can_view` tinyint(1) NOT NULL,
  `can_edit` tinyint(1) NOT NULL,
  `employee_id` bigint NOT NULL,
  PRIMARY KEY (`id`),
  UNIQUE KEY `proposals_employeepermission_employee_id_resource_512d46e6_uniq` (`employee_id`,`resource`),
  CONSTRAINT `proposals_employeepe_employee_id_58765c96_fk_proposals` FOREIGN KEY (`employee_id`) REFERENCES `proposals_employee` (`id`)
) ENGINE=InnoDB DEFAULT CHARSET=utf8mb4 COLLATE=utf8mb4_unicode_ci;
/*!40101 SET character_set_client = @saved_cs_client */;

--
-- Dumping data for table `proposals_employeepermission`
--

LOCK TABLES `proposals_employeepermission` WRITE;
/*!40000 ALTER TABLE `proposals_employeepermission` DISABLE KEYS */;
/*!40000 ALTER TABLE `proposals_employeepermission` ENABLE KEYS */;
UNLOCK TABLES;

--
-- Table structure for table `proposals_improvementproposal`
--

DROP TABLE IF EXISTS `proposals_improvementproposal`;
/*!40101 SET @saved_cs_client     = @@character_set_client */;
/*!50503 SET character_set_client = utf8mb4 */;
CREATE TABLE `proposals_improvementproposal` (
  `id` bigint NOT NULL AUTO_INCREMENT,
  `management_no` varchar(64) COLLATE utf8mb4_unicode_ci NOT NULL,
  `submitted_at` datetime(6) NOT NULL,
  `deployment_item` varchar(255) COLLATE utf8mb4_unicode_ci NOT NULL,
  `proposer_name` varchar(128) COLLATE utf8mb4_unicode_ci NOT NULL,
  `problem_summary` longtext COLLATE utf8mb4_unicode_ci NOT NULL,
  `improvement_plan` longtext COLLATE utf8mb4_unicode_ci NOT NULL,
  `improvement_result` longtext COLLATE utf8mb4_unicode_ci NOT NULL,
  `reduction_hours` decimal(6,2) DEFAULT NULL,
  `effect_amount` decimal(12,0) DEFAULT NULL,
  `contribution_business` varchar(255) COLLATE utf8mb4_unicode_ci NOT NULL,
  `mindset_score` smallint unsigned DEFAULT NULL,
  `idea_score` smallint unsigned DEFAULT NULL,
  `hint_score` smallint unsigned DEFAULT NULL,
  `before_image_path` varchar(255) COLLATE utf8mb4_unicode_ci NOT NULL,
  `after_image_path` varchar(255) COLLATE utf8mb4_unicode_ci NOT NULL,
  `created_at` datetime(6) NOT NULL,
  `updated_at` datetime(6) NOT NULL,
  `created_by_id` int DEFAULT NULL,
  `department_id` bigint NOT NULL,
  `proposer_id` bigint DEFAULT NULL,
  `group_id` bigint DEFAULT NULL,
  `section_id` bigint DEFAULT NULL,
  `team_id` bigint DEFAULT NULL,
  `term` int DEFAULT NULL,
  `quarter` smallint unsigned DEFAULT NULL,
  `proposal_classification` varchar(20) COLLATE utf8mb4_unicode_ci NOT NULL,
  `committee_classification` varchar(20) COLLATE utf8mb4_unicode_ci NOT NULL,
  `effect_details` longtext COLLATE utf8mb4_unicode_ci NOT NULL,
  `serial_number` int unsigned DEFAULT NULL,
  `classification_points` smallint unsigned DEFAULT NULL,
  `proposer_email` varchar(254) COLLATE utf8mb4_unicode_ci NOT NULL,
  PRIMARY KEY (`id`),
  UNIQUE KEY `management_no` (`management_no`),
  KEY `proposals_improvemen_created_by_id_5745970f_fk_auth_user` (`created_by_id`),
  KEY `proposals_improvemen_department_id_daa06c55_fk_proposals` (`department_id`),
  KEY `proposals_improvemen_proposer_id_d176205a_fk_proposals` (`proposer_id`),
  KEY `proposals_improvemen_group_id_2255abc0_fk_proposals` (`group_id`),
  KEY `proposals_improvemen_section_id_01af85da_fk_proposals` (`section_id`),
  KEY `proposals_improvemen_team_id_78b38c73_fk_proposals` (`team_id`),
  CONSTRAINT `proposals_improvemen_created_by_id_5745970f_fk_auth_user` FOREIGN KEY (`created_by_id`) REFERENCES `auth_user` (`id`),
  CONSTRAINT `proposals_improvemen_department_id_daa06c55_fk_proposals` FOREIGN KEY (`department_id`) REFERENCES `proposals_department` (`id`),
  CONSTRAINT `proposals_improvemen_group_id_2255abc0_fk_proposals` FOREIGN KEY (`group_id`) REFERENCES `proposals_department` (`id`),
  CONSTRAINT `proposals_improvemen_proposer_id_d176205a_fk_proposals` FOREIGN KEY (`proposer_id`) REFERENCES `proposals_employee` (`id`),
  CONSTRAINT `proposals_improvemen_section_id_01af85da_fk_proposals` FOREIGN KEY (`section_id`) REFERENCES `proposals_department` (`id`),
  CONSTRAINT `proposals_improvemen_team_id_78b38c73_fk_proposals` FOREIGN KEY (`team_id`) REFERENCES `proposals_department` (`id`),
  CONSTRAINT `proposals_improvementproposal_chk_1` CHECK ((`mindset_score` >= 0)),
  CONSTRAINT `proposals_improvementproposal_chk_2` CHECK ((`idea_score` >= 0)),
  CONSTRAINT `proposals_improvementproposal_chk_3` CHECK ((`hint_score` >= 0)),
  CONSTRAINT `proposals_improvementproposal_chk_4` CHECK ((`quarter` >= 0)),
  CONSTRAINT `proposals_improvementproposal_chk_5` CHECK ((`serial_number` >= 0)),
  CONSTRAINT `proposals_improvementproposal_chk_6` CHECK ((`classification_points` >= 0))
) ENGINE=InnoDB AUTO_INCREMENT=563 DEFAULT CHARSET=utf8mb4 COLLATE=utf8mb4_unicode_ci;
/*!40101 SET character_set_client = @saved_cs_client */;

--
-- Dumping data for table `proposals_improvementproposal`
--

LOCK TABLES `proposals_improvementproposal` WRITE;
/*!40000 ALTER TABLE `proposals_improvementproposal` DISABLE KEYS */;
INSERT INTO `proposals_improvementproposal` VALUES (464,'IMP-52-0001-000','2025-10-07 09:00:00.000000','フロア　北信塗装タッチアップ修正費削減','蔵城 剛憲',' ',' ','',NULL,17000,'製缶',1,4,3,'','','2025-11-27 16:50:05.780417','2025-11-27 16:50:05.780445',NULL,10,NULL,NULL,NULL,NULL,52,1,'努力提案','',' ',1,1,''),(465,'IMP-52-0002-001','2025-10-10 09:00:00.000000','YD40004767の変形不良対策','瀬古 孝也',' ',' ','',NULL,13140,'塗装',3,4,3,'','','2025-11-27 16:50:05.811301','2025-11-27 16:50:05.811322',NULL,26,NULL,NULL,NULL,NULL,52,1,'努力提案','',' ',2,1,''),(466,'IMP-52-0003-002','2025-10-10 09:00:00.000000','パックテスト　コスト削減','珍田 洋',' ',' ','',NULL,522,'塗装',2,2,3,'','','2025-11-27 16:50:05.837236','2025-11-27 16:50:05.837249',NULL,26,NULL,NULL,NULL,NULL,52,1,'努力提案','',' ',3,1,''),(467,'IMP-52-0004-003','2025-10-21 09:00:00.000000','FA事業部の加工先別一覧表の作成','丸山 謙治',' ',' ','',12.00,20400,'FA',1,1,2,'','','2025-11-27 16:50:05.863462','2025-11-27 16:50:05.863482',NULL,10,NULL,NULL,NULL,NULL,52,1,'努力提案','',' ',4,1,''),(468,'IMP-52-0005-004','2025-10-21 09:00:00.000000','Excel入力したデータの見やすい管理とデータ活用','稲生 祐也',' ',' ','',0.20,425,'全社',2,3,1,'','','2025-11-27 16:50:05.889593','2025-11-27 16:50:05.889630',NULL,10,NULL,NULL,NULL,NULL,52,1,'努力提案','',' ',5,1,''),(469,'IMP-52-0006-005','2025-10-20 09:00:00.000000','塗装時製品当たり不良対策','後藤 祐二',' ',' ','',NULL,14110,'塗装',3,3,3,'','','2025-11-27 16:50:05.914379','2025-11-27 16:50:05.914403',NULL,26,NULL,NULL,NULL,NULL,52,1,'努力提案','',' ',6,1,''),(470,'IMP-52-0007-006','2025-10-21 09:00:00.000000','マスキング変更','白塚 悠雅',' ',' ','',NULL,459,'塗装',3,3,3,'','','2025-11-27 16:50:05.939650','2025-11-27 16:50:05.939684',NULL,26,NULL,NULL,NULL,NULL,52,1,'努力提案','',' ',7,1,''),(471,'IMP-52-0008-007','2025-10-24 09:00:00.000000','紙媒体からデータへの移行で探す手間（無価値時間）の削減','小林 太輝',' ',' ','',1.00,1700,'プレス',2,3,3,'','','2025-11-27 16:50:05.964812','2025-11-27 16:50:05.964833',NULL,15,NULL,NULL,NULL,NULL,52,1,'努力提案','',' ',8,1,''),(472,'IMP-52-0009-008','2025-10-24 09:00:00.000000','金型定期メンテナンス表のフォーマット変更に伴うマクロ作成','小林 太輝',' ',' ','',1.10,1700,'プレス',2,3,3,'','','2025-11-27 16:50:05.991583','2025-11-27 16:50:05.991602',NULL,15,NULL,NULL,NULL,NULL,52,1,'努力提案','',' ',9,1,''),(473,'IMP-52-0010-009','2025-10-24 09:00:00.000000','試作品　客先提出データ作成の効率化・ペーパレス化','小林 太輝',' ',' ','',1.10,1700,'プレス',2,3,3,'','','2025-11-27 16:50:06.017253','2025-11-27 16:50:06.017271',NULL,15,NULL,NULL,NULL,NULL,52,1,'努力提案','',' ',10,1,''),(474,'IMP-52-0011-010','2025-10-27 09:00:00.000000','判定用紙　作成時間の削減','岡田 薫奈',' ',' ','',NULL,673,'プレス',2,3,3,'','','2025-11-27 16:50:06.043948','2025-11-27 16:50:06.043963',NULL,20,NULL,NULL,NULL,NULL,52,1,'努力提案','',' ',11,1,''),(475,'IMP-52-0012-011','2025-10-27 09:00:00.000000','アイボルトの混入対策','杉本真祐',' ',' ','',NULL,NULL,'塗装',3,4,3,'','','2025-11-27 16:50:06.067472','2025-11-27 16:50:06.067491',NULL,26,NULL,NULL,NULL,NULL,52,1,'努力提案','',' ',12,1,''),(476,'IMP-52-0013-012','2025-10-29 09:00:00.000000','コンプレッサー室の清掃','米内山 貴光',' ',' ','',NULL,NULL,'製缶',3,3,3,'','','2025-11-27 16:50:06.092911','2025-11-27 16:50:06.092933',NULL,15,NULL,NULL,NULL,NULL,52,1,'努力提案','',' ',13,1,''),(477,'IMP-52-0014-013','2025-10-29 09:00:00.000000','外作部品を決められた位置に置いてもらえる仕掛け','川戸亮摩',' ',' ','',NULL,NULL,'製缶',1,3,3,'','','2025-11-27 16:50:06.118041','2025-11-27 16:50:06.118060',NULL,1,NULL,NULL,NULL,NULL,52,1,'努力提案','',' ',14,1,''),(478,'IMP-52-0015-014','2025-10-29 09:00:00.000000','ブローホール改善','亀田冬威',' ',' ','',NULL,10200,'製缶',1,3,1,'','','2025-11-27 16:50:06.143722','2025-11-27 16:50:06.143744',NULL,1,NULL,NULL,NULL,NULL,52,1,'努力提案','',' ',15,1,''),(479,'IMP-52-0016-015','2025-10-29 09:00:00.000000','基幹システム資材入荷外注納入一覧表の確認方法の変更','大田恵理',' ',' ','',NULL,8500,'製缶',2,4,3,'','','2025-11-27 16:50:06.168086','2025-11-27 16:50:06.168106',NULL,1,NULL,NULL,NULL,NULL,52,1,'努力提案','',' ',16,1,''),(480,'IMP-52-0017-016','2025-10-29 09:00:00.000000','フランスベッド丸パイプの明示','民田年秀',' ',' ','',NULL,NULL,'製缶',2,4,3,'','','2025-11-27 16:50:06.196200','2025-11-27 16:50:06.196218',NULL,1,NULL,NULL,NULL,NULL,52,1,'努力提案','',' ',17,1,''),(481,'IMP-52-0018-017','2025-10-29 09:00:00.000000','YD40002199(26-Uブレード）マスキング作業時間削減','寺田 光騎',' ',' ','',NULL,2754,'製缶',1,3,2,'','','2025-11-27 16:50:06.226688','2025-11-27 16:50:06.226709',NULL,1,219,NULL,NULL,NULL,52,1,'努力提案','',' ',18,1,''),(482,'IMP-52-0019-018','2025-10-29 09:00:00.000000','クボタ堺向け納品書印刷発行方法変更による並べ時間削減','王崇栓',' ',' ','',NULL,3966,'製缶',2,3,2,'','','2025-11-27 16:50:06.251980','2025-11-27 16:50:06.252000',NULL,1,NULL,NULL,NULL,NULL,52,1,'努力提案','',' ',19,1,''),(483,'IMP-52-0020-019','2025-10-29 09:00:00.000000','検具置き場作成','北村直也',' ',' ','',NULL,NULL,'製缶',1,2,2,'','','2025-11-27 16:50:06.279397','2025-11-27 16:50:06.279418',NULL,1,NULL,NULL,NULL,NULL,52,1,'努力提案','',' ',20,1,''),(484,'IMP-52-0021-020','2025-10-30 09:00:00.000000','入金管理の一覧表の作成にエクセルのピポットテーブル機能を活用','美濃地 佳子',' ',' ','',NULL,5100,'FA',1,3,3,'','','2025-11-27 16:50:06.304350','2025-11-27 16:50:06.304365',NULL,22,NULL,NULL,NULL,NULL,52,1,'努力提案','',' ',21,1,''),(485,'IMP-52-0022-021','2025-10-30 09:00:00.000000','会議体のルール策定','松村 ほのみ',' ',' ','',NULL,NULL,'全社',1,3,3,'','','2025-11-27 16:50:06.330385','2025-11-27 16:50:06.330406',NULL,22,NULL,NULL,NULL,NULL,52,1,'努力提案','',' ',22,1,''),(486,'IMP-52-0023-022','2025-10-30 09:00:00.000000','請求書受付の管理','栗野 真帆',' ',' ','',NULL,850,'全社',1,3,3,'','','2025-11-27 16:50:06.355548','2025-11-27 16:50:06.355578',NULL,22,NULL,NULL,NULL,NULL,52,1,'努力提案','',' ',23,1,''),(487,'IMP-52-0024-023','2025-10-30 09:00:00.000000','FAXのダイレクト送信方法を活用','高見 香穂',' ',' ','',NULL,570,'全社',1,3,3,'','','2025-11-27 16:50:06.381680','2025-11-27 16:50:06.381696',NULL,22,NULL,NULL,NULL,NULL,52,1,'努力提案','',' ',24,1,''),(488,'IMP-52-0025-024','2025-10-30 09:00:00.000000','エフつけ間違いによる搬入異常防止','後藤 美憲',' ',' ','',NULL,NULL,'プレス',3,3,1,'','','2025-11-27 16:50:06.496286','2025-11-27 16:50:06.496304',NULL,2,286,NULL,NULL,NULL,52,1,'努力提案','',' ',25,1,''),(489,'IMP-52-0026-025','2025-10-30 09:00:00.000000','59372部品タクト改善','小林 建太',' ',' ','',NULL,6970,'プレス',3,3,3,'','','2025-11-27 16:50:06.570189','2025-11-27 16:50:06.570208',NULL,2,287,NULL,NULL,NULL,52,1,'努力提案','',' ',26,1,''),(490,'IMP-52-0027-026','2025-10-30 09:00:00.000000','運行便改善','林里夏',' ',' ','',NULL,42900,'プレス',3,4,3,'','','2025-11-27 16:50:06.628763','2025-11-27 16:50:06.628786',NULL,2,NULL,NULL,NULL,NULL,52,1,'努力提案','',' ',27,1,''),(491,'IMP-52-0028-027','2025-10-30 09:00:00.000000','現品エフへの素材識別追記','若畑裕丈',' ',' ','',NULL,NULL,'プレス',3,3,3,'','','2025-11-27 16:50:06.653245','2025-11-27 16:50:06.653310',NULL,2,NULL,NULL,NULL,NULL,52,1,'努力提案','',' ',28,1,''),(492,'IMP-52-0029-028','2025-10-30 09:00:00.000000','３S活動の維持','萩聖弥',' ',' ','',NULL,NULL,'プレス',3,3,3,'','','2025-11-27 16:50:06.700077','2025-11-27 16:50:06.700100',NULL,2,NULL,NULL,NULL,NULL,52,1,'努力提案','',' ',29,1,''),(493,'IMP-52-0030-029','2025-10-30 09:00:00.000000','コイル材入荷対応','山際誠',' ',' ','',NULL,425,'プレス',3,3,3,'','','2025-11-27 16:50:06.744337','2025-11-27 16:50:06.744351',NULL,2,NULL,NULL,NULL,NULL,52,1,'努力提案','',' ',30,1,''),(494,'IMP-52-0031-030','2025-10-30 09:00:00.000000','部品エフ取り付け間違い対策','冨谷琢磨',' ',' ','',NULL,212,'プレス',3,3,3,'','','2025-11-27 16:50:06.786865','2025-11-27 16:50:06.786889',NULL,2,NULL,NULL,NULL,NULL,52,1,'努力提案','',' ',31,1,''),(495,'IMP-52-0032-031','2025-10-30 09:00:00.000000','防錆油への明示取り付け','椙浦匠哉',' ',' ','',NULL,NULL,'プレス',3,3,3,'','','2025-11-27 16:50:06.813966','2025-11-27 16:50:06.813986',NULL,2,NULL,NULL,NULL,NULL,52,1,'努力提案','',' ',32,1,''),(496,'IMP-52-0033-032','2025-10-30 09:00:00.000000','110t材料振れ対策','山下　健',' ',' ','',NULL,1122,'プレス',3,3,3,'','','2025-11-27 16:50:06.870452','2025-11-27 16:50:06.870468',NULL,2,293,NULL,NULL,NULL,52,1,'努力提案','',' ',33,1,''),(497,'IMP-52-0034-033','2025-10-31 09:00:00.000000','社外向け組織図フォーマットの改定','中谷 航介',' ',' ','',NULL,NULL,'全社',1,1,1,'','','2025-11-27 16:50:06.897564','2025-11-27 16:50:06.897584',NULL,10,NULL,NULL,NULL,NULL,52,1,'努力提案','',' ',34,1,''),(498,'IMP-52-0035-034','2025-10-31 09:00:00.000000','看板取り付け','塚尾　蓮',' ',' ','',NULL,NULL,'製缶',1,3,2,'','','2025-11-27 16:50:06.948704','2025-11-27 16:50:06.948721',NULL,1,236,NULL,NULL,NULL,52,1,'努力提案','',' ',35,1,''),(499,'IMP-52-0036-035','2025-10-31 09:00:00.000000','途中開放に気づきやすくする','田口武',' ',' ','',NULL,10028,'製缶',2,3,3,'','','2025-11-27 16:50:06.972199','2025-11-27 16:50:06.972223',NULL,1,NULL,NULL,NULL,NULL,52,1,'努力提案','',' ',36,1,''),(500,'IMP-52-0037-036','2025-10-31 09:00:00.000000','吊り具置き場の設定','神田遼平',' ',' ','',NULL,NULL,'製缶',1,2,2,'','','2025-11-27 16:50:07.045634','2025-11-27 16:50:07.045647',NULL,1,NULL,NULL,NULL,NULL,52,1,'努力提案','',' ',37,1,''),(501,'IMP-52-0038-037','2025-10-31 09:00:00.000000','東プレ東海　64333-TB2W-300　ダンパーR側の亀裂削減について','山内三恵子',' ',' ','',NULL,30570,'プレス',3,4,3,'','','2025-11-27 16:50:07.077996','2025-11-27 16:50:07.078013',NULL,15,NULL,NULL,NULL,NULL,52,1,'努力提案','',' ',38,1,''),(502,'IMP-52-0039-038','2025-10-31 09:00:00.000000','インサートスリーブ交換管理表','髙橋 海斗',' ',' ','',NULL,NULL,'塗装',1,1,3,'','','2025-11-27 16:50:07.124219','2025-11-27 16:50:07.124253',NULL,26,NULL,NULL,NULL,NULL,52,1,'努力提案','',' ',39,1,''),(503,'IMP-52-0040-039','2025-10-31 09:00:00.000000','オイル垂れ対策','鈴木 翔太',' ',' ','',NULL,NULL,'塗装',3,3,2,'','','2025-11-27 16:50:07.159842','2025-11-27 16:50:07.159862',NULL,26,NULL,NULL,NULL,NULL,52,1,'努力提案','',' ',40,1,''),(504,'IMP-52-0041-040','2025-10-31 09:00:00.000000','原価計算日程表','石田 尚史',' ',' ','',NULL,NULL,'FA',1,3,3,'','','2025-11-27 16:50:07.210710','2025-11-27 16:50:07.210729',NULL,25,NULL,NULL,NULL,NULL,52,1,'努力提案','',' ',41,1,''),(505,'IMP-52-0042-041','2025-10-31 09:00:00.000000','掲示物の整理','西 浩司',' ',' ','',NULL,NULL,'FA',1,3,2,'','','2025-11-27 16:50:07.258085','2025-11-27 16:50:07.258103',NULL,25,NULL,NULL,NULL,NULL,52,1,'努力提案','',' ',42,1,''),(506,'IMP-52-0043-042','2025-10-30 09:00:00.000000','スペースの有効活用','清水 勝也',' ',' ','',NULL,NULL,'FA',1,3,3,'','','2025-11-27 16:50:07.295830','2025-11-27 16:50:07.295845',NULL,25,NULL,NULL,NULL,NULL,52,1,'努力提案','',' ',43,1,''),(507,'IMP-52-0044-043','2025-10-30 09:00:00.000000','納品書・請求書の電子保存の簡素化','喜藤 ゆかり',' ',' ','',NULL,5100,'FA',1,3,3,'','','2025-11-27 16:50:07.319595','2025-11-27 16:50:07.319617',NULL,25,NULL,NULL,NULL,NULL,52,1,'努力提案','',' ',44,1,''),(508,'IMP-52-0045-044','2025-10-31 09:00:00.000000','予算実績管理表の手順書','加藤 菜摘',' ',' ','',NULL,35700,'FA',1,3,3,'','','2025-11-27 16:50:07.344303','2025-11-27 16:50:07.344317',NULL,25,NULL,NULL,NULL,NULL,52,1,'努力提案','',' ',45,1,''),(509,'IMP-52-0046-045','2025-10-31 09:00:00.000000','Kintone作業方法の追加','高野 ・加藤菜摘',' ',' ','',NULL,850,'FA',2,3,3,'','','2025-11-27 16:50:07.369824','2025-11-27 16:50:07.369845',NULL,25,NULL,NULL,NULL,NULL,52,1,'努力提案','',' ',46,1,''),(510,'IMP-52-0047-046','2025-10-31 09:00:00.000000','シンフォニア製価格改定による振動機コントローラー購入について','高野 繁見',' ',' ','',NULL,20555,'FA',1,3,4,'','','2025-11-27 16:50:07.395148','2025-11-27 16:50:07.395162',NULL,25,NULL,NULL,NULL,NULL,52,1,'努力提案','',' ',47,1,''),(511,'IMP-52-0048-047','2025-10-30 09:00:00.000000','購買マニアルの改定','横山 香澄',' ',' ','',NULL,NULL,'FA',1,3,3,'','','2025-11-27 16:50:07.418523','2025-11-27 16:50:07.418542',NULL,25,NULL,NULL,NULL,NULL,52,1,'努力提案','',' ',48,1,''),(512,'IMP-52-0049-048','2025-10-31 09:00:00.000000','ヤマトの送り状の効率化','加藤 優稀',' ',' ','',NULL,NULL,'FA',1,3,1,'','','2025-11-27 16:50:07.475633','2025-11-27 16:50:07.475658',NULL,25,NULL,NULL,NULL,NULL,52,1,'努力提案','',' ',49,1,''),(513,'IMP-52-0050-049','2025-10-22 09:00:00.000000','作業環境の整備','柿市 麻結',' ',' ','',NULL,NULL,'FA',1,3,3,'','','2025-11-27 16:50:07.498971','2025-11-27 16:50:07.498985',NULL,25,NULL,NULL,NULL,NULL,52,1,'努力提案','',' ',50,1,''),(514,'IMP-52-0051-050','2025-10-29 09:00:00.000000','制御の設計データの使用機器分類','井村 進一郎',' ',' ','',NULL,NULL,'FA',1,3,3,'','','2025-11-27 16:50:07.527488','2025-11-27 16:50:07.527510',NULL,25,NULL,NULL,NULL,NULL,52,1,'努力提案','',' ',51,1,''),(515,'IMP-52-0052-051','2025-10-31 09:00:00.000000','塗装方法の変更','玉置 公雄',' ',' ','',NULL,NULL,'FA',1,3,3,'','','2025-11-27 16:50:07.555803','2025-11-27 16:50:07.555825',NULL,25,NULL,NULL,NULL,NULL,52,1,'努力提案','',' ',52,1,''),(516,'IMP-52-0053-052','2025-10-22 09:00:00.000000','組付用の標準ボルト棚整理','佐治 佳音',' ',' ','',NULL,NULL,'FA',1,3,2,'','','2025-11-27 16:50:07.579506','2025-11-27 16:50:07.579524',NULL,25,NULL,NULL,NULL,NULL,52,1,'努力提案','',' ',53,1,''),(517,'IMP-52-0054-053','2025-10-30 09:00:00.000000','塗装以外の用途に使用するラッカーシンナーの変更','藤原 啓祐',' ',' ','',NULL,NULL,'FA',1,3,2,'','','2025-11-27 16:50:07.602152','2025-11-27 16:50:07.602171',NULL,25,NULL,NULL,NULL,NULL,52,1,'努力提案','',' ',54,1,''),(518,'IMP-52-0055-054','2025-10-29 09:00:00.000000','各部署社員のスケジュール把握について','中川 知也',' ',' ','',NULL,NULL,'FA',1,3,2,'','','2025-11-27 16:50:07.626670','2025-11-27 16:50:07.626684',NULL,25,NULL,NULL,NULL,NULL,52,1,'努力提案','',' ',55,1,''),(519,'IMP-52-0056-055','2025-10-30 09:00:00.000000','共通工具置き場','谷田 裕輔',' ',' ','',NULL,NULL,'FA',1,3,3,'','','2025-11-27 16:50:07.653225','2025-11-27 16:50:07.653252',NULL,25,NULL,NULL,NULL,NULL,52,1,'努力提案','',' ',56,1,''),(520,'IMP-52-0057-056','2025-10-30 09:00:00.000000','長梯子の置き場について','小林 秀輔',' ',' ','',NULL,NULL,'FA',1,3,2,'','','2025-11-27 16:50:07.677694','2025-11-27 16:50:07.677715',NULL,25,NULL,NULL,NULL,NULL,52,1,'努力提案','',' ',57,1,''),(521,'IMP-52-0058-057','2025-10-27 09:00:00.000000','月1の全体朝礼','小寺 和希',' ',' ','',NULL,NULL,'FA',1,2,1,'','','2025-11-27 16:50:07.700479','2025-11-27 16:50:07.700497',NULL,25,NULL,NULL,NULL,NULL,52,1,'努力提案','',' ',58,1,''),(522,'IMP-52-0059-058','2025-10-31 09:00:00.000000','作業環境の整備','種村 賢二',' ',' ','',NULL,NULL,'FA',1,3,2,'','','2025-11-27 16:50:07.724823','2025-11-27 16:50:07.724844',NULL,25,NULL,NULL,NULL,NULL,52,1,'努力提案','',' ',59,1,''),(523,'IMP-52-0060-059','2025-10-31 09:00:00.000000','製造標準在庫の管理','桜木 孝憲',' ',' ','',NULL,NULL,'FA',1,3,2,'','','2025-11-27 16:50:07.747843','2025-11-27 16:50:07.747857',NULL,25,NULL,NULL,NULL,NULL,52,1,'努力提案','',' ',60,1,''),(524,'IMP-52-0061-060','2025-10-31 09:00:00.000000','作業の体勢改善','粉川 末樹',' ',' ','',NULL,NULL,'FA',1,3,3,'','','2025-11-27 16:50:07.773649','2025-11-27 16:50:07.773668',NULL,25,NULL,NULL,NULL,NULL,52,1,'努力提案','',' ',61,1,''),(525,'IMP-52-0062-061','2025-10-30 09:00:00.000000','工場内整理整頓','奥田 雄介',' ',' ','',NULL,NULL,'FA',1,3,3,'','','2025-11-27 16:50:07.798350','2025-11-27 16:50:07.798376',NULL,25,NULL,NULL,NULL,NULL,52,1,'努力提案','',' ',62,1,''),(526,'IMP-52-0063-062','2025-10-31 09:00:00.000000','季節物の保管場所の整理・整頓と集約','鵜野 彰紀',' ',' ','',NULL,NULL,'FA',1,4,3,'','','2025-11-27 16:50:07.827170','2025-11-27 16:50:07.827186',NULL,25,NULL,NULL,NULL,NULL,52,1,'努力提案','',' ',63,1,''),(527,'IMP-52-0064-063','2025-10-29 09:00:00.000000','掃除時間の短縮','伊藤 孝',' ',' ','',NULL,10200,'FA',1,3,2,'','','2025-11-27 16:50:07.852159','2025-11-27 16:50:07.852173',NULL,25,NULL,NULL,NULL,NULL,52,1,'努力提案','',' ',64,1,''),(528,'IMP-52-0065-064','2025-10-28 09:00:00.000000','ボール盤横のキリ箱の整理整頓','大浦 毅',' ',' ','',NULL,NULL,'FA',1,3,3,'','','2025-11-27 16:50:07.880059','2025-11-27 16:50:07.880077',NULL,25,NULL,NULL,NULL,NULL,52,1,'努力提案','',' ',65,1,''),(529,'IMP-52-0066-065','2025-10-31 09:00:00.000000','納品図作成の短縮','蔵当 拓海',' ',' ','',NULL,NULL,'FA',1,3,3,'','','2025-11-27 16:50:07.909864','2025-11-27 16:50:07.909885',NULL,25,NULL,NULL,NULL,NULL,52,1,'努力提案','',' ',66,1,''),(530,'IMP-52-0067-066','2025-10-28 09:00:00.000000','ムダな移動時間の排除','小野寺 津',' ',' ','',NULL,NULL,'FA',1,3,3,'','','2025-11-27 16:50:07.941881','2025-11-27 16:50:07.941899',NULL,25,NULL,NULL,NULL,NULL,52,1,'努力提案','',' ',67,1,''),(531,'IMP-52-0068-067','2025-10-31 09:00:00.000000','材料 SUS板置き場の整理整頓','種村 義幸',' ',' ','',NULL,NULL,'FA',1,3,3,'','','2025-11-27 16:50:07.977298','2025-11-27 16:50:07.977319',NULL,25,NULL,NULL,NULL,NULL,52,1,'努力提案','',' ',68,1,''),(532,'IMP-52-0069-068','2025-10-30 09:00:00.000000','共通工具置き場の設置','山本 実',' ',' ','',NULL,NULL,'FA',1,3,3,'','','2025-11-27 16:50:08.012915','2025-11-27 16:50:08.012936',NULL,25,NULL,NULL,NULL,NULL,52,1,'努力提案','',' ',69,1,''),(533,'IMP-52-0070-069','2025-10-30 09:00:00.000000','PF製造工場の出荷納品ヤード内 整理・動線確保','加藤 剛',' ',' ','',NULL,NULL,'FA',1,3,3,'','','2025-11-27 16:50:08.041662','2025-11-27 16:50:08.041682',NULL,25,NULL,NULL,NULL,NULL,52,1,'努力提案','',' ',70,1,''),(534,'IMP-52-0071-070','2025-10-30 09:00:00.000000','ボウル加工場の作業性・環境改善','平子　翔平',' ',' ','',NULL,NULL,'FA',1,3,3,'','','2025-11-27 16:50:08.100125','2025-11-27 16:50:08.100144',NULL,25,NULL,NULL,NULL,NULL,52,1,'努力提案','',' ',71,1,''),(535,'IMP-52-0072-071','2025-10-31 09:00:00.000000','２８号機ビートを安定させたい','田村天良',' ',' ','',NULL,NULL,'製缶',2,3,1,'','','2025-11-27 16:50:08.141905','2025-11-27 16:50:08.141925',NULL,1,NULL,NULL,NULL,NULL,52,1,'努力提案','',' ',72,1,''),(536,'IMP-52-0073-072','2025-11-05 09:00:00.000000','図面格納業務　時間短縮','長濱　弦',' ',' ','',NULL,NULL,'全社',1,1,1,'','','2025-11-27 16:50:08.169154','2025-11-27 16:50:08.169176',NULL,10,NULL,NULL,NULL,NULL,52,1,'努力提案','',' ',73,1,''),(537,'IMP-52-0074-073','2025-11-06 09:00:00.000000','改善提案の評価基準見直し（効果金額の基準追加）','中谷 航介',' ',' ','',NULL,NULL,'全社',1,1,1,'','','2025-11-27 16:50:08.196937','2025-11-27 16:50:08.196951',NULL,10,NULL,NULL,NULL,NULL,52,1,'努力提案','',' ',74,1,''),(538,'IMP-52-0075-074','2025-11-06 09:00:00.000000','購入先情報の統一化','丸山 謙治',' ',' ','',NULL,NULL,'FA',1,1,3,'','','2025-11-27 16:50:08.222297','2025-11-27 16:50:08.222317',NULL,10,NULL,NULL,NULL,NULL,52,1,'努力提案','',' ',75,1,''),(539,'IMP-52-0076-075','2025-11-05 09:00:00.000000','クレーンワイヤーロープの見分け方改善','米内山 貴光',' ',' ','',NULL,NULL,'プレス',3,3,3,'','','2025-11-27 16:50:08.246011','2025-11-27 16:50:08.246032',NULL,15,NULL,NULL,NULL,NULL,52,2,'努力提案','',' ',76,1,''),(540,'IMP-52-0077-076','2025-11-12 09:00:00.000000','格納ブラケットベロ切型のガイドポスト改善','近藤　昌利',' ',' ','',NULL,NULL,'プレス',3,3,3,'','','2025-11-27 16:50:08.270366','2025-11-27 16:50:08.270566',NULL,15,NULL,NULL,NULL,NULL,52,2,'努力提案','',' ',77,1,''),(541,'IMP-52-0078-077','2025-11-12 09:00:00.000000','送りセンサー改善（24621-HL4）','近藤　昌利',' ',' ','',NULL,NULL,'プレス',3,3,3,'','','2025-11-27 16:50:08.294650','2025-11-27 16:50:08.294670',NULL,15,NULL,NULL,NULL,NULL,52,2,'努力提案','',' ',78,1,''),(542,'IMP-52-0079-078','2025-11-12 09:00:00.000000','製品排出方法改善','近藤　昌利',' ',' ','',NULL,NULL,'プレス',3,3,3,'','','2025-11-27 16:50:08.317566','2025-11-27 16:50:08.317580',NULL,15,NULL,NULL,NULL,NULL,52,2,'努力提案','',' ',79,1,''),(543,'IMP-52-0080-079','2025-11-13 09:00:00.000000','怪我防止','鈴木 翔太',' ',' ','',NULL,NULL,'塗装',2,2,2,'','','2025-11-27 16:50:08.341498','2025-11-27 16:50:08.341515',NULL,26,NULL,NULL,NULL,NULL,52,2,'努力提案','',' ',80,1,''),(544,'IMP-52-0081-080','2025-10-29 09:00:00.000000','社内無線LAN接続ルール一覧を社内展開','岩澤　亜希子',' ',' ','',NULL,NULL,'全社',2,2,4,'','','2025-11-27 16:50:08.365114','2025-11-27 16:50:08.365136',NULL,23,NULL,NULL,NULL,NULL,52,1,'努力提案','',' ',81,1,''),(545,'IMP-52-0082-081','2025-10-27 09:00:00.000000','航空券（海外保険）手配状況の見える化','森川　裕香',' ',' ','',NULL,NULL,'全社',3,3,4,'','','2025-11-27 16:50:08.390461','2025-11-27 16:50:08.390475',NULL,23,NULL,NULL,NULL,NULL,52,1,'努力提案','',' ',82,1,''),(546,'IMP-52-0083-082','2025-10-22 09:00:00.000000','作業スペースの確保','柿澤　友紀子',' ',' ','',NULL,5950,'全社',3,2,2,'','','2025-11-27 16:50:08.414857','2025-11-27 16:50:08.414874',NULL,23,NULL,NULL,NULL,NULL,52,1,'努力提案','',' ',83,1,''),(547,'IMP-52-0084-083','2025-11-17 09:00:00.000000','色見本作成','杉本真祐',' ',' ','',NULL,NULL,'塗装',3,2,2,'','','2025-11-27 16:50:08.440890','2025-11-27 16:50:08.440910',NULL,26,NULL,NULL,NULL,NULL,52,2,'努力提案','',' ',84,1,''),(548,'IMP-52-0085-084','2025-11-19 09:00:00.000000','JSSJ　1139162　セパレートダイ強度アップ','山本　幸秀',' ',' ','',NULL,NULL,'プレス',3,3,3,'','','2025-11-27 16:50:08.465002','2025-11-27 16:50:08.465020',NULL,15,NULL,NULL,NULL,NULL,52,2,'努力提案','',' ',85,1,''),(549,'IMP-52-0086-085','2025-11-19 09:00:00.000000','スクラップ詰まりによる金型破損','山本　幸秀',' ',' ','',NULL,17000,'プレス',3,4,3,'','','2025-11-27 16:50:08.490489','2025-11-27 16:50:08.490509',NULL,15,NULL,NULL,NULL,NULL,52,2,'努力提案','',' ',86,1,''),(550,'IMP-52-0087-086','2025-11-25 09:00:00.000000','使用していない切符を使用する','森川　裕香',' ',' ','',NULL,NULL,'全社',2,2,2,'','','2025-11-27 16:50:08.514349','2025-11-27 16:50:08.514370',NULL,23,NULL,NULL,NULL,NULL,52,2,'努力提案','',' ',87,1,''),(551,'IMP-52-0088-087','2025-11-25 09:00:00.000000','Teamsの自分用トークルームの活用（業務予定をメモしておく）','柿澤　友紀子',' ',' ','',NULL,2975,'全社',2,2,2,'','','2025-11-27 16:50:08.539942','2025-11-27 16:50:08.539966',NULL,23,NULL,NULL,NULL,NULL,52,2,'努力提案','',' ',88,1,''),(552,'IMP-52-0089-088','2025-11-25 09:00:00.000000','フランスベッド様定期データリスト作成時間の削減','岡田 薫奈',' ',' ','',NULL,799,'プレス',3,4,2,'','','2025-11-27 16:50:08.564303','2025-11-27 16:50:08.564325',NULL,20,NULL,NULL,NULL,NULL,52,2,'努力提案','',' ',89,1,''),(553,'IMP-52-0090-089','2025-11-25 09:00:00.000000','各生産ラインの集合配管に明示を付けたい','濱崎凜太朗',' ',' ','',NULL,NULL,'製缶',2,3,4,'','','2025-11-27 16:50:08.589878','2025-11-27 16:50:08.589899',NULL,1,NULL,NULL,NULL,NULL,52,2,'努力提案','',' ',90,1,''),(554,'IMP-52-0091-090','2025-11-25 09:00:00.000000','wm-026材料お明示','民田年秀',' ',' ','',NULL,NULL,'製缶',1,2,1,'','','2025-11-27 16:50:08.615020','2025-11-27 16:50:08.615040',NULL,1,NULL,NULL,NULL,NULL,52,2,'努力提案','',' ',91,1,''),(555,'IMP-52-0092-091','2025-11-25 09:00:00.000000','wm-052コンプ治具置き場','亀田冬威',' ',' ','',NULL,NULL,'製缶',2,3,3,'','','2025-11-27 16:50:08.639985','2025-11-27 16:50:08.639999',NULL,1,NULL,NULL,NULL,NULL,52,2,'努力提案','',' ',92,1,''),(556,'IMP-52-0093-092','2025-11-25 09:00:00.000000','機械加工治具置き場作成','北村直也',' ',' ','',NULL,NULL,'製缶',NULL,NULL,NULL,'','','2025-11-27 16:50:08.664736','2025-11-27 16:50:08.664760',NULL,1,NULL,NULL,NULL,NULL,52,2,'努力提案','',' ',93,1,''),(557,'IMP-52-0094-093','2025-11-25 09:00:00.000000','毎月の仕入金額がタイムリーに把握できる表の作成依頼','美濃地 佳子',' ',' ','',NULL,3400,'FA',1,3,3,'','','2025-11-27 16:50:08.691101','2025-11-27 16:50:08.691115',NULL,22,NULL,NULL,NULL,NULL,52,2,'努力提案','',' ',94,1,''),(558,'IMP-52-0095-094','2025-11-27 09:00:00.000000','マスキング剥がれ対策（ウエス管理）','後藤 祐二',' ',' ','',NULL,NULL,'塗装',1,1,1,'','','2025-11-27 16:50:08.714533','2025-11-27 16:50:08.714553',NULL,26,NULL,NULL,NULL,NULL,52,2,'努力提案','',' ',95,1,''),(559,'20251101-001','2025-11-30 10:26:24.907978','ブレード等出荷指示書自動作成','王 崇栓','出荷現場にブレード、タンク、シートベースの出荷指示書兼出荷確認表を提出するため、１０分/日もかけて作成しなければならない（合計４便あり、その詳細を作成しなければならない）','自動作成したい','生成aiを使用し上記の出荷指示書を自動作成appを作成した２週間資運用した。問題なし',3.30,5661,'製缶事業部',3,3,4,'','','2025-12-01 10:26:24.912812','2025-12-01 10:26:24.912831',3,1,279,5,NULL,9,52,2,'努力提案','努力提案','１０分/日×２０日＝２００分　→　３.33ｈ/月\r\n\r\n月に　3.2ｈ×１７００円/h　＝　５６６１円       ※ボタン一つで作成できるようになった、実質０h/日',96,1,''),(560,'20251201-001','2025-12-01 14:09:43.805988','テスト','ケルビン　ルンガ','テスト困りごと','テスト改善','テスト結果',5.55,9435,'全社事業部',3,3,3,'proposals/20251201-001/before-1.png','proposals/20251201-001/after-1.png','2025-12-01 14:09:43.810556','2025-12-01 14:09:43.810566',3,1,282,5,NULL,9,52,1,'努力提案','努力提案','テスト　１７００円×5.55',97,1,''),(561,'20251201-002','2025-12-01 17:39:49.358246','テスト３','辻岡 良子','テスト３','テスト３','テスト３',6.67,11339,'製缶事業部',4,4,3,'','','2025-12-01 17:39:49.365528','2025-12-01 17:39:49.365542',1,1,285,5,NULL,9,52,2,'アイディア提案','アイディア提案','テスト３',98,4,''),(562,'20251201-003','2025-12-01 17:45:16.799102','テスト４','森本 夏生','テスト４','テスト４','テスト４',2.99,5083,'製缶事業部',3,3,3,'','','2025-12-01 17:45:16.806547','2025-12-01 17:45:16.806569',1,1,273,5,NULL,9,52,2,'努力提案','努力提案','テスト４',99,1,'');
/*!40000 ALTER TABLE `proposals_improvementproposal` ENABLE KEYS */;
UNLOCK TABLES;

--
-- Table structure for table `proposals_proposal`
--

DROP TABLE IF EXISTS `proposals_proposal`;
/*!40101 SET @saved_cs_client     = @@character_set_client */;
/*!50503 SET character_set_client = utf8mb4 */;
CREATE TABLE `proposals_proposal` (
  `id` bigint NOT NULL AUTO_INCREMENT,
  `management_no` varchar(64) COLLATE utf8mb4_unicode_ci NOT NULL,
  `title` varchar(255) COLLATE utf8mb4_unicode_ci NOT NULL,
  `proposer_name` varchar(128) COLLATE utf8mb4_unicode_ci NOT NULL,
  `proposer_email` varchar(254) COLLATE utf8mb4_unicode_ci NOT NULL,
  `team_name` varchar(128) COLLATE utf8mb4_unicode_ci NOT NULL,
  `problem` longtext COLLATE utf8mb4_unicode_ci NOT NULL,
  `idea` longtext COLLATE utf8mb4_unicode_ci NOT NULL,
  `expected_effect` longtext COLLATE utf8mb4_unicode_ci NOT NULL,
  `result_detail` longtext COLLATE utf8mb4_unicode_ci NOT NULL,
  `contribution_business` varchar(255) COLLATE utf8mb4_unicode_ci NOT NULL,
  `reduction_hours` decimal(6,2) DEFAULT NULL,
  `effect_amount` decimal(12,0) DEFAULT NULL,
  `before_image_url` varchar(255) COLLATE utf8mb4_unicode_ci NOT NULL,
  `after_image_url` varchar(255) COLLATE utf8mb4_unicode_ci NOT NULL,
  `supervisor_status` varchar(20) COLLATE utf8mb4_unicode_ci NOT NULL,
  `supervisor_comment` longtext COLLATE utf8mb4_unicode_ci NOT NULL,
  `supervisor_checked_at` datetime(6) DEFAULT NULL,
  `chief_status` varchar(20) COLLATE utf8mb4_unicode_ci NOT NULL,
  `chief_comment` longtext COLLATE utf8mb4_unicode_ci NOT NULL,
  `chief_checked_at` datetime(6) DEFAULT NULL,
  `manager_status` varchar(20) COLLATE utf8mb4_unicode_ci NOT NULL,
  `manager_comment` longtext COLLATE utf8mb4_unicode_ci NOT NULL,
  `manager_checked_at` datetime(6) DEFAULT NULL,
  `manager_mindset_score` smallint unsigned DEFAULT NULL,
  `manager_idea_score` smallint unsigned DEFAULT NULL,
  `manager_hint_score` smallint unsigned DEFAULT NULL,
  `committee_status` varchar(20) COLLATE utf8mb4_unicode_ci NOT NULL,
  `committee_comment` longtext COLLATE utf8mb4_unicode_ci NOT NULL,
  `committee_checked_at` datetime(6) DEFAULT NULL,
  `created_at` datetime(6) NOT NULL,
  `updated_at` datetime(6) NOT NULL,
  `department_id` bigint NOT NULL,
  `group_id` bigint DEFAULT NULL,
  `section_id` bigint DEFAULT NULL,
  `team_id` bigint DEFAULT NULL,
  PRIMARY KEY (`id`),
  UNIQUE KEY `management_no` (`management_no`),
  KEY `proposals_proposal_department_id_403e3907_fk_proposals` (`department_id`),
  KEY `proposals_proposal_group_id_a00f7642_fk_proposals_department_id` (`group_id`),
  KEY `proposals_proposal_section_id_10b04c4b_fk_proposals` (`section_id`),
  KEY `proposals_proposal_team_id_6d49710a_fk_proposals_department_id` (`team_id`),
  CONSTRAINT `proposals_proposal_department_id_403e3907_fk_proposals` FOREIGN KEY (`department_id`) REFERENCES `proposals_department` (`id`),
  CONSTRAINT `proposals_proposal_group_id_a00f7642_fk_proposals_department_id` FOREIGN KEY (`group_id`) REFERENCES `proposals_department` (`id`),
  CONSTRAINT `proposals_proposal_section_id_10b04c4b_fk_proposals` FOREIGN KEY (`section_id`) REFERENCES `proposals_department` (`id`),
  CONSTRAINT `proposals_proposal_team_id_6d49710a_fk_proposals_department_id` FOREIGN KEY (`team_id`) REFERENCES `proposals_department` (`id`),
  CONSTRAINT `proposals_proposal_chk_1` CHECK ((`manager_mindset_score` >= 0)),
  CONSTRAINT `proposals_proposal_chk_2` CHECK ((`manager_idea_score` >= 0)),
  CONSTRAINT `proposals_proposal_chk_3` CHECK ((`manager_hint_score` >= 0))
) ENGINE=InnoDB DEFAULT CHARSET=utf8mb4 COLLATE=utf8mb4_unicode_ci;
/*!40101 SET character_set_client = @saved_cs_client */;

--
-- Dumping data for table `proposals_proposal`
--

LOCK TABLES `proposals_proposal` WRITE;
/*!40000 ALTER TABLE `proposals_proposal` DISABLE KEYS */;
/*!40000 ALTER TABLE `proposals_proposal` ENABLE KEYS */;
UNLOCK TABLES;

--
-- Table structure for table `proposals_proposalapproval`
--

DROP TABLE IF EXISTS `proposals_proposalapproval`;
/*!40101 SET @saved_cs_client     = @@character_set_client */;
/*!50503 SET character_set_client = utf8mb4 */;
CREATE TABLE `proposals_proposalapproval` (
  `id` bigint NOT NULL AUTO_INCREMENT,
  `stage` varchar(20) COLLATE utf8mb4_unicode_ci NOT NULL,
  `status` varchar(20) COLLATE utf8mb4_unicode_ci NOT NULL,
  `comment` longtext COLLATE utf8mb4_unicode_ci NOT NULL,
  `confirmed_name` varchar(128) COLLATE utf8mb4_unicode_ci NOT NULL,
  `confirmed_at` datetime(6) DEFAULT NULL,
  `mindset_score` smallint unsigned DEFAULT NULL,
  `idea_score` smallint unsigned DEFAULT NULL,
  `hint_score` smallint unsigned DEFAULT NULL,
  `confirmed_by_id` bigint DEFAULT NULL,
  `proposal_id` bigint NOT NULL,
  `safety_flag` tinyint(1) NOT NULL,
  `sdgs_flag` tinyint(1) NOT NULL,
  PRIMARY KEY (`id`),
  UNIQUE KEY `proposals_proposalapproval_proposal_id_stage_ba561130_uniq` (`proposal_id`,`stage`),
  KEY `proposals_proposalap_confirmed_by_id_e18d24df_fk_proposals` (`confirmed_by_id`),
  CONSTRAINT `proposals_proposalap_confirmed_by_id_e18d24df_fk_proposals` FOREIGN KEY (`confirmed_by_id`) REFERENCES `proposals_employee` (`id`),
  CONSTRAINT `proposals_proposalap_proposal_id_45510dc8_fk_proposals` FOREIGN KEY (`proposal_id`) REFERENCES `proposals_improvementproposal` (`id`),
  CONSTRAINT `proposals_proposalapproval_chk_1` CHECK ((`mindset_score` >= 0)),
  CONSTRAINT `proposals_proposalapproval_chk_2` CHECK ((`idea_score` >= 0)),
  CONSTRAINT `proposals_proposalapproval_chk_3` CHECK ((`hint_score` >= 0))
) ENGINE=InnoDB AUTO_INCREMENT=2249 DEFAULT CHARSET=utf8mb4 COLLATE=utf8mb4_unicode_ci;
/*!40101 SET character_set_client = @saved_cs_client */;

--
-- Dumping data for table `proposals_proposalapproval`
--

LOCK TABLES `proposals_proposalapproval` WRITE;
/*!40000 ALTER TABLE `proposals_proposalapproval` DISABLE KEYS */;
INSERT INTO `proposals_proposalapproval` VALUES (1853,'supervisor','approved','','過去実績取込','2025-10-07 09:00:00.000000',NULL,NULL,NULL,NULL,464,0,0),(1854,'chief','approved','','過去実績取込','2025-10-07 09:00:00.000000',NULL,NULL,NULL,NULL,464,0,0),(1855,'manager','approved','','過去実績取込','2025-10-07 09:00:00.000000',1,4,3,NULL,464,0,0),(1856,'committee','approved','','過去実績取込','2025-10-07 09:00:00.000000',NULL,NULL,NULL,NULL,464,0,0),(1857,'supervisor','approved','','過去実績取込','2025-10-10 09:00:00.000000',NULL,NULL,NULL,NULL,465,0,0),(1858,'chief','approved','','過去実績取込','2025-10-10 09:00:00.000000',NULL,NULL,NULL,NULL,465,0,0),(1859,'manager','approved','','過去実績取込','2025-10-10 09:00:00.000000',3,4,3,NULL,465,0,0),(1860,'committee','approved','','過去実績取込','2025-10-10 09:00:00.000000',NULL,NULL,NULL,NULL,465,0,0),(1861,'supervisor','approved','','過去実績取込','2025-10-10 09:00:00.000000',NULL,NULL,NULL,NULL,466,0,0),(1862,'chief','approved','','過去実績取込','2025-10-10 09:00:00.000000',NULL,NULL,NULL,NULL,466,0,0),(1863,'manager','approved','','過去実績取込','2025-10-10 09:00:00.000000',2,2,3,NULL,466,0,0),(1864,'committee','approved','','過去実績取込','2025-10-10 09:00:00.000000',NULL,NULL,NULL,NULL,466,0,0),(1865,'supervisor','approved','','過去実績取込','2025-10-21 09:00:00.000000',NULL,NULL,NULL,NULL,467,0,0),(1866,'chief','approved','','過去実績取込','2025-10-21 09:00:00.000000',NULL,NULL,NULL,NULL,467,0,0),(1867,'manager','approved','','過去実績取込','2025-10-21 09:00:00.000000',1,1,2,NULL,467,0,0),(1868,'committee','approved','','過去実績取込','2025-10-21 09:00:00.000000',NULL,NULL,NULL,NULL,467,0,0),(1869,'supervisor','approved','','過去実績取込','2025-10-21 09:00:00.000000',NULL,NULL,NULL,NULL,468,0,0),(1870,'chief','approved','','過去実績取込','2025-10-21 09:00:00.000000',NULL,NULL,NULL,NULL,468,0,0),(1871,'manager','approved','','過去実績取込','2025-10-21 09:00:00.000000',2,3,1,NULL,468,0,0),(1872,'committee','approved','','過去実績取込','2025-10-21 09:00:00.000000',NULL,NULL,NULL,NULL,468,0,0),(1873,'supervisor','approved','','過去実績取込','2025-10-20 09:00:00.000000',NULL,NULL,NULL,NULL,469,0,0),(1874,'chief','approved','','過去実績取込','2025-10-20 09:00:00.000000',NULL,NULL,NULL,NULL,469,0,0),(1875,'manager','approved','','過去実績取込','2025-10-20 09:00:00.000000',3,3,3,NULL,469,0,0),(1876,'committee','approved','','過去実績取込','2025-10-20 09:00:00.000000',NULL,NULL,NULL,NULL,469,0,0),(1877,'supervisor','approved','','過去実績取込','2025-10-21 09:00:00.000000',NULL,NULL,NULL,NULL,470,0,0),(1878,'chief','approved','','過去実績取込','2025-10-21 09:00:00.000000',NULL,NULL,NULL,NULL,470,0,0),(1879,'manager','approved','','過去実績取込','2025-10-21 09:00:00.000000',3,3,3,NULL,470,0,0),(1880,'committee','approved','','過去実績取込','2025-10-21 09:00:00.000000',NULL,NULL,NULL,NULL,470,0,0),(1881,'supervisor','approved','','過去実績取込','2025-10-24 09:00:00.000000',NULL,NULL,NULL,NULL,471,0,0),(1882,'chief','approved','','過去実績取込','2025-10-24 09:00:00.000000',NULL,NULL,NULL,NULL,471,0,0),(1883,'manager','approved','','過去実績取込','2025-10-24 09:00:00.000000',2,3,3,NULL,471,0,0),(1884,'committee','approved','','過去実績取込','2025-10-24 09:00:00.000000',NULL,NULL,NULL,NULL,471,0,0),(1885,'supervisor','approved','','過去実績取込','2025-10-24 09:00:00.000000',NULL,NULL,NULL,NULL,472,0,0),(1886,'chief','approved','','過去実績取込','2025-10-24 09:00:00.000000',NULL,NULL,NULL,NULL,472,0,0),(1887,'manager','approved','','過去実績取込','2025-10-24 09:00:00.000000',2,3,3,NULL,472,0,0),(1888,'committee','approved','','過去実績取込','2025-10-24 09:00:00.000000',NULL,NULL,NULL,NULL,472,0,0),(1889,'supervisor','approved','','過去実績取込','2025-10-24 09:00:00.000000',NULL,NULL,NULL,NULL,473,0,0),(1890,'chief','approved','','過去実績取込','2025-10-24 09:00:00.000000',NULL,NULL,NULL,NULL,473,0,0),(1891,'manager','approved','','過去実績取込','2025-10-24 09:00:00.000000',2,3,3,NULL,473,0,0),(1892,'committee','approved','','過去実績取込','2025-10-24 09:00:00.000000',NULL,NULL,NULL,NULL,473,0,0),(1893,'supervisor','approved','','過去実績取込','2025-10-27 09:00:00.000000',NULL,NULL,NULL,NULL,474,0,0),(1894,'chief','approved','','過去実績取込','2025-10-27 09:00:00.000000',NULL,NULL,NULL,NULL,474,0,0),(1895,'manager','approved','','過去実績取込','2025-10-27 09:00:00.000000',2,3,3,NULL,474,0,0),(1896,'committee','approved','','過去実績取込','2025-10-27 09:00:00.000000',NULL,NULL,NULL,NULL,474,0,0),(1897,'supervisor','approved','','過去実績取込','2025-10-27 09:00:00.000000',NULL,NULL,NULL,NULL,475,0,0),(1898,'chief','approved','','過去実績取込','2025-10-27 09:00:00.000000',NULL,NULL,NULL,NULL,475,0,0),(1899,'manager','approved','','過去実績取込','2025-10-27 09:00:00.000000',3,4,3,NULL,475,0,0),(1900,'committee','approved','','過去実績取込','2025-10-27 09:00:00.000000',NULL,NULL,NULL,NULL,475,0,0),(1901,'supervisor','approved','','過去実績取込','2025-10-29 09:00:00.000000',NULL,NULL,NULL,NULL,476,0,0),(1902,'chief','approved','','過去実績取込','2025-10-29 09:00:00.000000',NULL,NULL,NULL,NULL,476,0,0),(1903,'manager','approved','','過去実績取込','2025-10-29 09:00:00.000000',3,3,3,NULL,476,1,0),(1904,'committee','approved','','過去実績取込','2025-10-29 09:00:00.000000',NULL,NULL,NULL,NULL,476,0,0),(1905,'supervisor','approved','','過去実績取込','2025-10-29 09:00:00.000000',NULL,NULL,NULL,NULL,477,0,0),(1906,'chief','approved','','過去実績取込','2025-10-29 09:00:00.000000',NULL,NULL,NULL,NULL,477,0,0),(1907,'manager','approved','','過去実績取込','2025-10-29 09:00:00.000000',1,3,3,NULL,477,0,0),(1908,'committee','approved','','過去実績取込','2025-10-29 09:00:00.000000',NULL,NULL,NULL,NULL,477,0,0),(1909,'supervisor','approved','','過去実績取込','2025-10-29 09:00:00.000000',NULL,NULL,NULL,NULL,478,0,0),(1910,'chief','approved','','過去実績取込','2025-10-29 09:00:00.000000',NULL,NULL,NULL,NULL,478,0,0),(1911,'manager','approved','','過去実績取込','2025-10-29 09:00:00.000000',1,3,1,NULL,478,0,0),(1912,'committee','approved','','過去実績取込','2025-10-29 09:00:00.000000',NULL,NULL,NULL,NULL,478,0,0),(1913,'supervisor','approved','','過去実績取込','2025-10-29 09:00:00.000000',NULL,NULL,NULL,NULL,479,0,0),(1914,'chief','approved','','過去実績取込','2025-10-29 09:00:00.000000',NULL,NULL,NULL,NULL,479,0,0),(1915,'manager','approved','','過去実績取込','2025-10-29 09:00:00.000000',2,4,3,NULL,479,0,0),(1916,'committee','approved','','過去実績取込','2025-10-29 09:00:00.000000',NULL,NULL,NULL,NULL,479,0,0),(1917,'supervisor','approved','','過去実績取込','2025-10-29 09:00:00.000000',NULL,NULL,NULL,NULL,480,0,0),(1918,'chief','approved','','過去実績取込','2025-10-29 09:00:00.000000',NULL,NULL,NULL,NULL,480,0,0),(1919,'manager','approved','','過去実績取込','2025-10-29 09:00:00.000000',2,4,3,NULL,480,0,0),(1920,'committee','approved','','過去実績取込','2025-10-29 09:00:00.000000',NULL,NULL,NULL,NULL,480,0,0),(1921,'supervisor','approved','','過去実績取込','2025-10-29 09:00:00.000000',NULL,NULL,NULL,NULL,481,0,0),(1922,'chief','approved','','過去実績取込','2025-10-29 09:00:00.000000',NULL,NULL,NULL,NULL,481,0,0),(1923,'manager','approved','','過去実績取込','2025-10-29 09:00:00.000000',1,3,2,NULL,481,0,0),(1924,'committee','approved','','過去実績取込','2025-10-29 09:00:00.000000',NULL,NULL,NULL,NULL,481,0,0),(1925,'supervisor','approved','','過去実績取込','2025-10-29 09:00:00.000000',NULL,NULL,NULL,NULL,482,0,0),(1926,'chief','approved','','過去実績取込','2025-10-29 09:00:00.000000',NULL,NULL,NULL,NULL,482,0,0),(1927,'manager','approved','','過去実績取込','2025-10-29 09:00:00.000000',2,3,2,NULL,482,0,0),(1928,'committee','approved','','過去実績取込','2025-10-29 09:00:00.000000',NULL,NULL,NULL,NULL,482,0,0),(1929,'supervisor','approved','','過去実績取込','2025-10-29 09:00:00.000000',NULL,NULL,NULL,NULL,483,0,0),(1930,'chief','approved','','過去実績取込','2025-10-29 09:00:00.000000',NULL,NULL,NULL,NULL,483,0,0),(1931,'manager','approved','','過去実績取込','2025-10-29 09:00:00.000000',1,2,2,NULL,483,0,0),(1932,'committee','approved','','過去実績取込','2025-10-29 09:00:00.000000',NULL,NULL,NULL,NULL,483,0,0),(1933,'supervisor','approved','','過去実績取込','2025-10-30 09:00:00.000000',NULL,NULL,NULL,NULL,484,0,0),(1934,'chief','approved','','過去実績取込','2025-10-30 09:00:00.000000',NULL,NULL,NULL,NULL,484,0,0),(1935,'manager','approved','','過去実績取込','2025-10-30 09:00:00.000000',1,3,3,NULL,484,0,0),(1936,'committee','approved','','過去実績取込','2025-10-30 09:00:00.000000',NULL,NULL,NULL,NULL,484,0,0),(1937,'supervisor','approved','','過去実績取込','2025-10-30 09:00:00.000000',NULL,NULL,NULL,NULL,485,0,0),(1938,'chief','approved','','過去実績取込','2025-10-30 09:00:00.000000',NULL,NULL,NULL,NULL,485,0,0),(1939,'manager','approved','','過去実績取込','2025-10-30 09:00:00.000000',1,3,3,NULL,485,0,0),(1940,'committee','approved','','過去実績取込','2025-10-30 09:00:00.000000',NULL,NULL,NULL,NULL,485,0,0),(1941,'supervisor','approved','','過去実績取込','2025-10-30 09:00:00.000000',NULL,NULL,NULL,NULL,486,0,0),(1942,'chief','approved','','過去実績取込','2025-10-30 09:00:00.000000',NULL,NULL,NULL,NULL,486,0,0),(1943,'manager','approved','','過去実績取込','2025-10-30 09:00:00.000000',1,3,3,NULL,486,0,0),(1944,'committee','approved','','過去実績取込','2025-10-30 09:00:00.000000',NULL,NULL,NULL,NULL,486,0,0),(1945,'supervisor','approved','','過去実績取込','2025-10-30 09:00:00.000000',NULL,NULL,NULL,NULL,487,0,0),(1946,'chief','approved','','過去実績取込','2025-10-30 09:00:00.000000',NULL,NULL,NULL,NULL,487,0,0),(1947,'manager','approved','','過去実績取込','2025-10-30 09:00:00.000000',1,3,3,NULL,487,0,1),(1948,'committee','approved','','過去実績取込','2025-10-30 09:00:00.000000',NULL,NULL,NULL,NULL,487,0,0),(1949,'supervisor','approved','','過去実績取込','2025-10-30 09:00:00.000000',NULL,NULL,NULL,NULL,488,0,0),(1950,'chief','approved','','過去実績取込','2025-10-30 09:00:00.000000',NULL,NULL,NULL,NULL,488,0,0),(1951,'manager','approved','','過去実績取込','2025-10-30 09:00:00.000000',3,3,1,NULL,488,0,0),(1952,'committee','approved','','過去実績取込','2025-10-30 09:00:00.000000',NULL,NULL,NULL,NULL,488,0,0),(1953,'supervisor','approved','','過去実績取込','2025-10-30 09:00:00.000000',NULL,NULL,NULL,NULL,489,0,0),(1954,'chief','approved','','過去実績取込','2025-10-30 09:00:00.000000',NULL,NULL,NULL,NULL,489,0,0),(1955,'manager','approved','','過去実績取込','2025-10-30 09:00:00.000000',3,3,3,NULL,489,0,0),(1956,'committee','approved','','過去実績取込','2025-10-30 09:00:00.000000',NULL,NULL,NULL,NULL,489,0,0),(1957,'supervisor','approved','','過去実績取込','2025-10-30 09:00:00.000000',NULL,NULL,NULL,NULL,490,0,0),(1958,'chief','approved','','過去実績取込','2025-10-30 09:00:00.000000',NULL,NULL,NULL,NULL,490,0,0),(1959,'manager','approved','','過去実績取込','2025-10-30 09:00:00.000000',3,4,3,NULL,490,0,0),(1960,'committee','approved','','過去実績取込','2025-10-30 09:00:00.000000',NULL,NULL,NULL,NULL,490,0,0),(1961,'supervisor','approved','','過去実績取込','2025-10-30 09:00:00.000000',NULL,NULL,NULL,NULL,491,0,0),(1962,'chief','approved','','過去実績取込','2025-10-30 09:00:00.000000',NULL,NULL,NULL,NULL,491,0,0),(1963,'manager','approved','','過去実績取込','2025-10-30 09:00:00.000000',3,3,3,NULL,491,0,0),(1964,'committee','approved','','過去実績取込','2025-10-30 09:00:00.000000',NULL,NULL,NULL,NULL,491,0,0),(1965,'supervisor','approved','','過去実績取込','2025-10-30 09:00:00.000000',NULL,NULL,NULL,NULL,492,0,0),(1966,'chief','approved','','過去実績取込','2025-10-30 09:00:00.000000',NULL,NULL,NULL,NULL,492,0,0),(1967,'manager','approved','','過去実績取込','2025-10-30 09:00:00.000000',3,3,3,NULL,492,0,0),(1968,'committee','approved','','過去実績取込','2025-10-30 09:00:00.000000',NULL,NULL,NULL,NULL,492,0,0),(1969,'supervisor','approved','','過去実績取込','2025-10-30 09:00:00.000000',NULL,NULL,NULL,NULL,493,0,0),(1970,'chief','approved','','過去実績取込','2025-10-30 09:00:00.000000',NULL,NULL,NULL,NULL,493,0,0),(1971,'manager','approved','','過去実績取込','2025-10-30 09:00:00.000000',3,3,3,NULL,493,0,0),(1972,'committee','approved','','過去実績取込','2025-10-30 09:00:00.000000',NULL,NULL,NULL,NULL,493,0,0),(1973,'supervisor','approved','','過去実績取込','2025-10-30 09:00:00.000000',NULL,NULL,NULL,NULL,494,0,0),(1974,'chief','approved','','過去実績取込','2025-10-30 09:00:00.000000',NULL,NULL,NULL,NULL,494,0,0),(1975,'manager','approved','','過去実績取込','2025-10-30 09:00:00.000000',3,3,3,NULL,494,0,0),(1976,'committee','approved','','過去実績取込','2025-10-30 09:00:00.000000',NULL,NULL,NULL,NULL,494,0,0),(1977,'supervisor','approved','','過去実績取込','2025-10-30 09:00:00.000000',NULL,NULL,NULL,NULL,495,0,0),(1978,'chief','approved','','過去実績取込','2025-10-30 09:00:00.000000',NULL,NULL,NULL,NULL,495,0,0),(1979,'manager','approved','','過去実績取込','2025-10-30 09:00:00.000000',3,3,3,NULL,495,0,0),(1980,'committee','approved','','過去実績取込','2025-10-30 09:00:00.000000',NULL,NULL,NULL,NULL,495,0,0),(1981,'supervisor','approved','','過去実績取込','2025-10-30 09:00:00.000000',NULL,NULL,NULL,NULL,496,0,0),(1982,'chief','approved','','過去実績取込','2025-10-30 09:00:00.000000',NULL,NULL,NULL,NULL,496,0,0),(1983,'manager','approved','','過去実績取込','2025-10-30 09:00:00.000000',3,3,3,NULL,496,0,0),(1984,'committee','approved','','過去実績取込','2025-10-30 09:00:00.000000',NULL,NULL,NULL,NULL,496,0,0),(1985,'supervisor','approved','','過去実績取込','2025-10-31 09:00:00.000000',NULL,NULL,NULL,NULL,497,0,0),(1986,'chief','approved','','過去実績取込','2025-10-31 09:00:00.000000',NULL,NULL,NULL,NULL,497,0,0),(1987,'manager','approved','','過去実績取込','2025-10-31 09:00:00.000000',1,1,1,NULL,497,0,0),(1988,'committee','approved','','過去実績取込','2025-10-31 09:00:00.000000',NULL,NULL,NULL,NULL,497,0,0),(1989,'supervisor','approved','','過去実績取込','2025-10-31 09:00:00.000000',NULL,NULL,NULL,NULL,498,0,0),(1990,'chief','approved','','過去実績取込','2025-10-31 09:00:00.000000',NULL,NULL,NULL,NULL,498,0,0),(1991,'manager','approved','','過去実績取込','2025-10-31 09:00:00.000000',1,3,2,NULL,498,0,0),(1992,'committee','approved','','過去実績取込','2025-10-31 09:00:00.000000',NULL,NULL,NULL,NULL,498,0,0),(1993,'supervisor','approved','','過去実績取込','2025-10-31 09:00:00.000000',NULL,NULL,NULL,NULL,499,0,0),(1994,'chief','approved','','過去実績取込','2025-10-31 09:00:00.000000',NULL,NULL,NULL,NULL,499,0,0),(1995,'manager','approved','','過去実績取込','2025-10-31 09:00:00.000000',2,3,3,NULL,499,0,0),(1996,'committee','approved','','過去実績取込','2025-10-31 09:00:00.000000',NULL,NULL,NULL,NULL,499,0,0),(1997,'supervisor','approved','','過去実績取込','2025-10-31 09:00:00.000000',NULL,NULL,NULL,NULL,500,0,0),(1998,'chief','approved','','過去実績取込','2025-10-31 09:00:00.000000',NULL,NULL,NULL,NULL,500,0,0),(1999,'manager','approved','','過去実績取込','2025-10-31 09:00:00.000000',1,2,2,NULL,500,0,0),(2000,'committee','approved','','過去実績取込','2025-10-31 09:00:00.000000',NULL,NULL,NULL,NULL,500,0,0),(2001,'supervisor','approved','','過去実績取込','2025-10-31 09:00:00.000000',NULL,NULL,NULL,NULL,501,0,0),(2002,'chief','approved','','過去実績取込','2025-10-31 09:00:00.000000',NULL,NULL,NULL,NULL,501,0,0),(2003,'manager','approved','','過去実績取込','2025-10-31 09:00:00.000000',3,4,3,NULL,501,0,0),(2004,'committee','approved','','過去実績取込','2025-10-31 09:00:00.000000',NULL,NULL,NULL,NULL,501,0,0),(2005,'supervisor','approved','','過去実績取込','2025-10-31 09:00:00.000000',NULL,NULL,NULL,NULL,502,0,0),(2006,'chief','approved','','過去実績取込','2025-10-31 09:00:00.000000',NULL,NULL,NULL,NULL,502,0,0),(2007,'manager','approved','','過去実績取込','2025-10-31 09:00:00.000000',1,1,3,NULL,502,0,0),(2008,'committee','approved','','過去実績取込','2025-10-31 09:00:00.000000',NULL,NULL,NULL,NULL,502,0,0),(2009,'supervisor','approved','','過去実績取込','2025-10-31 09:00:00.000000',NULL,NULL,NULL,NULL,503,0,0),(2010,'chief','approved','','過去実績取込','2025-10-31 09:00:00.000000',NULL,NULL,NULL,NULL,503,0,0),(2011,'manager','approved','','過去実績取込','2025-10-31 09:00:00.000000',3,3,2,NULL,503,0,0),(2012,'committee','approved','','過去実績取込','2025-10-31 09:00:00.000000',NULL,NULL,NULL,NULL,503,0,0),(2013,'supervisor','approved','','過去実績取込','2025-10-31 09:00:00.000000',NULL,NULL,NULL,NULL,504,0,0),(2014,'chief','approved','','過去実績取込','2025-10-31 09:00:00.000000',NULL,NULL,NULL,NULL,504,0,0),(2015,'manager','approved','','過去実績取込','2025-10-31 09:00:00.000000',1,3,3,NULL,504,0,0),(2016,'committee','approved','','過去実績取込','2025-10-31 09:00:00.000000',NULL,NULL,NULL,NULL,504,0,0),(2017,'supervisor','approved','','過去実績取込','2025-10-31 09:00:00.000000',NULL,NULL,NULL,NULL,505,0,0),(2018,'chief','approved','','過去実績取込','2025-10-31 09:00:00.000000',NULL,NULL,NULL,NULL,505,0,0),(2019,'manager','approved','','過去実績取込','2025-10-31 09:00:00.000000',1,3,2,NULL,505,0,0),(2020,'committee','approved','','過去実績取込','2025-10-31 09:00:00.000000',NULL,NULL,NULL,NULL,505,0,0),(2021,'supervisor','approved','','過去実績取込','2025-10-30 09:00:00.000000',NULL,NULL,NULL,NULL,506,0,0),(2022,'chief','approved','','過去実績取込','2025-10-30 09:00:00.000000',NULL,NULL,NULL,NULL,506,0,0),(2023,'manager','approved','','過去実績取込','2025-10-30 09:00:00.000000',1,3,3,NULL,506,0,0),(2024,'committee','approved','','過去実績取込','2025-10-30 09:00:00.000000',NULL,NULL,NULL,NULL,506,0,0),(2025,'supervisor','approved','','過去実績取込','2025-10-30 09:00:00.000000',NULL,NULL,NULL,NULL,507,0,0),(2026,'chief','approved','','過去実績取込','2025-10-30 09:00:00.000000',NULL,NULL,NULL,NULL,507,0,0),(2027,'manager','approved','','過去実績取込','2025-10-30 09:00:00.000000',1,3,3,NULL,507,0,0),(2028,'committee','approved','','過去実績取込','2025-10-30 09:00:00.000000',NULL,NULL,NULL,NULL,507,0,0),(2029,'supervisor','approved','','過去実績取込','2025-10-31 09:00:00.000000',NULL,NULL,NULL,NULL,508,0,0),(2030,'chief','approved','','過去実績取込','2025-10-31 09:00:00.000000',NULL,NULL,NULL,NULL,508,0,0),(2031,'manager','approved','','過去実績取込','2025-10-31 09:00:00.000000',1,3,3,NULL,508,0,0),(2032,'committee','approved','','過去実績取込','2025-10-31 09:00:00.000000',NULL,NULL,NULL,NULL,508,0,0),(2033,'supervisor','approved','','過去実績取込','2025-10-31 09:00:00.000000',NULL,NULL,NULL,NULL,509,0,0),(2034,'chief','approved','','過去実績取込','2025-10-31 09:00:00.000000',NULL,NULL,NULL,NULL,509,0,0),(2035,'manager','approved','','過去実績取込','2025-10-31 09:00:00.000000',2,3,3,NULL,509,0,0),(2036,'committee','approved','','過去実績取込','2025-10-31 09:00:00.000000',NULL,NULL,NULL,NULL,509,0,0),(2037,'supervisor','approved','','過去実績取込','2025-10-31 09:00:00.000000',NULL,NULL,NULL,NULL,510,0,0),(2038,'chief','approved','','過去実績取込','2025-10-31 09:00:00.000000',NULL,NULL,NULL,NULL,510,0,0),(2039,'manager','approved','','過去実績取込','2025-10-31 09:00:00.000000',1,3,4,NULL,510,0,0),(2040,'committee','approved','','過去実績取込','2025-10-31 09:00:00.000000',NULL,NULL,NULL,NULL,510,0,0),(2041,'supervisor','approved','','過去実績取込','2025-10-30 09:00:00.000000',NULL,NULL,NULL,NULL,511,0,0),(2042,'chief','approved','','過去実績取込','2025-10-30 09:00:00.000000',NULL,NULL,NULL,NULL,511,0,0),(2043,'manager','approved','','過去実績取込','2025-10-30 09:00:00.000000',1,3,3,NULL,511,0,0),(2044,'committee','approved','','過去実績取込','2025-10-30 09:00:00.000000',NULL,NULL,NULL,NULL,511,0,0),(2045,'supervisor','approved','','過去実績取込','2025-10-31 09:00:00.000000',NULL,NULL,NULL,NULL,512,0,0),(2046,'chief','approved','','過去実績取込','2025-10-31 09:00:00.000000',NULL,NULL,NULL,NULL,512,0,0),(2047,'manager','approved','','過去実績取込','2025-10-31 09:00:00.000000',1,3,1,NULL,512,0,0),(2048,'committee','approved','','過去実績取込','2025-10-31 09:00:00.000000',NULL,NULL,NULL,NULL,512,0,0),(2049,'supervisor','approved','','過去実績取込','2025-10-22 09:00:00.000000',NULL,NULL,NULL,NULL,513,0,0),(2050,'chief','approved','','過去実績取込','2025-10-22 09:00:00.000000',NULL,NULL,NULL,NULL,513,0,0),(2051,'manager','approved','','過去実績取込','2025-10-22 09:00:00.000000',1,3,3,NULL,513,0,0),(2052,'committee','approved','','過去実績取込','2025-10-22 09:00:00.000000',NULL,NULL,NULL,NULL,513,0,0),(2053,'supervisor','approved','','過去実績取込','2025-10-29 09:00:00.000000',NULL,NULL,NULL,NULL,514,0,0),(2054,'chief','approved','','過去実績取込','2025-10-29 09:00:00.000000',NULL,NULL,NULL,NULL,514,0,0),(2055,'manager','approved','','過去実績取込','2025-10-29 09:00:00.000000',1,3,3,NULL,514,0,0),(2056,'committee','approved','','過去実績取込','2025-10-29 09:00:00.000000',NULL,NULL,NULL,NULL,514,0,0),(2057,'supervisor','approved','','過去実績取込','2025-10-31 09:00:00.000000',NULL,NULL,NULL,NULL,515,0,0),(2058,'chief','approved','','過去実績取込','2025-10-31 09:00:00.000000',NULL,NULL,NULL,NULL,515,0,0),(2059,'manager','approved','','過去実績取込','2025-10-31 09:00:00.000000',1,3,3,NULL,515,0,0),(2060,'committee','approved','','過去実績取込','2025-10-31 09:00:00.000000',NULL,NULL,NULL,NULL,515,0,0),(2061,'supervisor','approved','','過去実績取込','2025-10-22 09:00:00.000000',NULL,NULL,NULL,NULL,516,0,0),(2062,'chief','approved','','過去実績取込','2025-10-22 09:00:00.000000',NULL,NULL,NULL,NULL,516,0,0),(2063,'manager','approved','','過去実績取込','2025-10-22 09:00:00.000000',1,3,2,NULL,516,0,0),(2064,'committee','approved','','過去実績取込','2025-10-22 09:00:00.000000',NULL,NULL,NULL,NULL,516,0,0),(2065,'supervisor','approved','','過去実績取込','2025-10-30 09:00:00.000000',NULL,NULL,NULL,NULL,517,0,0),(2066,'chief','approved','','過去実績取込','2025-10-30 09:00:00.000000',NULL,NULL,NULL,NULL,517,0,0),(2067,'manager','approved','','過去実績取込','2025-10-30 09:00:00.000000',1,3,2,NULL,517,1,0),(2068,'committee','approved','','過去実績取込','2025-10-30 09:00:00.000000',NULL,NULL,NULL,NULL,517,0,0),(2069,'supervisor','approved','','過去実績取込','2025-10-29 09:00:00.000000',NULL,NULL,NULL,NULL,518,0,0),(2070,'chief','approved','','過去実績取込','2025-10-29 09:00:00.000000',NULL,NULL,NULL,NULL,518,0,0),(2071,'manager','approved','','過去実績取込','2025-10-29 09:00:00.000000',1,3,2,NULL,518,0,0),(2072,'committee','approved','','過去実績取込','2025-10-29 09:00:00.000000',NULL,NULL,NULL,NULL,518,0,0),(2073,'supervisor','approved','','過去実績取込','2025-10-30 09:00:00.000000',NULL,NULL,NULL,NULL,519,0,0),(2074,'chief','approved','','過去実績取込','2025-10-30 09:00:00.000000',NULL,NULL,NULL,NULL,519,0,0),(2075,'manager','approved','','過去実績取込','2025-10-30 09:00:00.000000',1,3,3,NULL,519,0,0),(2076,'committee','approved','','過去実績取込','2025-10-30 09:00:00.000000',NULL,NULL,NULL,NULL,519,0,0),(2077,'supervisor','approved','','過去実績取込','2025-10-30 09:00:00.000000',NULL,NULL,NULL,NULL,520,0,0),(2078,'chief','approved','','過去実績取込','2025-10-30 09:00:00.000000',NULL,NULL,NULL,NULL,520,0,0),(2079,'manager','approved','','過去実績取込','2025-10-30 09:00:00.000000',1,3,2,NULL,520,0,0),(2080,'committee','approved','','過去実績取込','2025-10-30 09:00:00.000000',NULL,NULL,NULL,NULL,520,0,0),(2081,'supervisor','approved','','過去実績取込','2025-10-27 09:00:00.000000',NULL,NULL,NULL,NULL,521,0,0),(2082,'chief','approved','','過去実績取込','2025-10-27 09:00:00.000000',NULL,NULL,NULL,NULL,521,0,0),(2083,'manager','approved','','過去実績取込','2025-10-27 09:00:00.000000',1,2,1,NULL,521,0,0),(2084,'committee','approved','','過去実績取込','2025-10-27 09:00:00.000000',NULL,NULL,NULL,NULL,521,0,0),(2085,'supervisor','approved','','過去実績取込','2025-10-31 09:00:00.000000',NULL,NULL,NULL,NULL,522,0,0),(2086,'chief','approved','','過去実績取込','2025-10-31 09:00:00.000000',NULL,NULL,NULL,NULL,522,0,0),(2087,'manager','approved','','過去実績取込','2025-10-31 09:00:00.000000',1,3,2,NULL,522,0,0),(2088,'committee','approved','','過去実績取込','2025-10-31 09:00:00.000000',NULL,NULL,NULL,NULL,522,0,0),(2089,'supervisor','approved','','過去実績取込','2025-10-31 09:00:00.000000',NULL,NULL,NULL,NULL,523,0,0),(2090,'chief','approved','','過去実績取込','2025-10-31 09:00:00.000000',NULL,NULL,NULL,NULL,523,0,0),(2091,'manager','approved','','過去実績取込','2025-10-31 09:00:00.000000',1,3,2,NULL,523,0,0),(2092,'committee','approved','','過去実績取込','2025-10-31 09:00:00.000000',NULL,NULL,NULL,NULL,523,0,0),(2093,'supervisor','approved','','過去実績取込','2025-10-31 09:00:00.000000',NULL,NULL,NULL,NULL,524,0,0),(2094,'chief','approved','','過去実績取込','2025-10-31 09:00:00.000000',NULL,NULL,NULL,NULL,524,0,0),(2095,'manager','approved','','過去実績取込','2025-10-31 09:00:00.000000',1,3,3,NULL,524,0,0),(2096,'committee','approved','','過去実績取込','2025-10-31 09:00:00.000000',NULL,NULL,NULL,NULL,524,0,0),(2097,'supervisor','approved','','過去実績取込','2025-10-30 09:00:00.000000',NULL,NULL,NULL,NULL,525,0,0),(2098,'chief','approved','','過去実績取込','2025-10-30 09:00:00.000000',NULL,NULL,NULL,NULL,525,0,0),(2099,'manager','approved','','過去実績取込','2025-10-30 09:00:00.000000',1,3,3,NULL,525,0,0),(2100,'committee','approved','','過去実績取込','2025-10-30 09:00:00.000000',NULL,NULL,NULL,NULL,525,0,0),(2101,'supervisor','approved','','過去実績取込','2025-10-31 09:00:00.000000',NULL,NULL,NULL,NULL,526,0,0),(2102,'chief','approved','','過去実績取込','2025-10-31 09:00:00.000000',NULL,NULL,NULL,NULL,526,0,0),(2103,'manager','approved','','過去実績取込','2025-10-31 09:00:00.000000',1,4,3,NULL,526,0,0),(2104,'committee','approved','','過去実績取込','2025-10-31 09:00:00.000000',NULL,NULL,NULL,NULL,526,0,0),(2105,'supervisor','approved','','過去実績取込','2025-10-29 09:00:00.000000',NULL,NULL,NULL,NULL,527,0,0),(2106,'chief','approved','','過去実績取込','2025-10-29 09:00:00.000000',NULL,NULL,NULL,NULL,527,0,0),(2107,'manager','approved','','過去実績取込','2025-10-29 09:00:00.000000',1,3,2,NULL,527,0,0),(2108,'committee','approved','','過去実績取込','2025-10-29 09:00:00.000000',NULL,NULL,NULL,NULL,527,0,0),(2109,'supervisor','approved','','過去実績取込','2025-10-28 09:00:00.000000',NULL,NULL,NULL,NULL,528,0,0),(2110,'chief','approved','','過去実績取込','2025-10-28 09:00:00.000000',NULL,NULL,NULL,NULL,528,0,0),(2111,'manager','approved','','過去実績取込','2025-10-28 09:00:00.000000',1,3,3,NULL,528,0,0),(2112,'committee','approved','','過去実績取込','2025-10-28 09:00:00.000000',NULL,NULL,NULL,NULL,528,0,0),(2113,'supervisor','approved','','過去実績取込','2025-10-31 09:00:00.000000',NULL,NULL,NULL,NULL,529,0,0),(2114,'chief','approved','','過去実績取込','2025-10-31 09:00:00.000000',NULL,NULL,NULL,NULL,529,0,0),(2115,'manager','approved','','過去実績取込','2025-10-31 09:00:00.000000',1,3,3,NULL,529,0,0),(2116,'committee','approved','','過去実績取込','2025-10-31 09:00:00.000000',NULL,NULL,NULL,NULL,529,0,0),(2117,'supervisor','approved','','過去実績取込','2025-10-28 09:00:00.000000',NULL,NULL,NULL,NULL,530,0,0),(2118,'chief','approved','','過去実績取込','2025-10-28 09:00:00.000000',NULL,NULL,NULL,NULL,530,0,0),(2119,'manager','approved','','過去実績取込','2025-10-28 09:00:00.000000',1,3,3,NULL,530,0,0),(2120,'committee','approved','','過去実績取込','2025-10-28 09:00:00.000000',NULL,NULL,NULL,NULL,530,0,0),(2121,'supervisor','approved','','過去実績取込','2025-10-31 09:00:00.000000',NULL,NULL,NULL,NULL,531,0,0),(2122,'chief','approved','','過去実績取込','2025-10-31 09:00:00.000000',NULL,NULL,NULL,NULL,531,0,0),(2123,'manager','approved','','過去実績取込','2025-10-31 09:00:00.000000',1,3,3,NULL,531,0,0),(2124,'committee','approved','','過去実績取込','2025-10-31 09:00:00.000000',NULL,NULL,NULL,NULL,531,0,0),(2125,'supervisor','approved','','過去実績取込','2025-10-30 09:00:00.000000',NULL,NULL,NULL,NULL,532,0,0),(2126,'chief','approved','','過去実績取込','2025-10-30 09:00:00.000000',NULL,NULL,NULL,NULL,532,0,0),(2127,'manager','approved','','過去実績取込','2025-10-30 09:00:00.000000',1,3,3,NULL,532,0,0),(2128,'committee','approved','','過去実績取込','2025-10-30 09:00:00.000000',NULL,NULL,NULL,NULL,532,0,0),(2129,'supervisor','approved','','過去実績取込','2025-10-30 09:00:00.000000',NULL,NULL,NULL,NULL,533,0,0),(2130,'chief','approved','','過去実績取込','2025-10-30 09:00:00.000000',NULL,NULL,NULL,NULL,533,0,0),(2131,'manager','approved','','過去実績取込','2025-10-30 09:00:00.000000',1,3,3,NULL,533,0,0),(2132,'committee','approved','','過去実績取込','2025-10-30 09:00:00.000000',NULL,NULL,NULL,NULL,533,0,0),(2133,'supervisor','approved','','過去実績取込','2025-10-30 09:00:00.000000',NULL,NULL,NULL,NULL,534,0,0),(2134,'chief','approved','','過去実績取込','2025-10-30 09:00:00.000000',NULL,NULL,NULL,NULL,534,0,0),(2135,'manager','approved','','過去実績取込','2025-10-30 09:00:00.000000',1,3,3,NULL,534,0,0),(2136,'committee','approved','','過去実績取込','2025-10-30 09:00:00.000000',NULL,NULL,NULL,NULL,534,0,0),(2137,'supervisor','approved','','過去実績取込','2025-11-05 09:00:00.000000',NULL,NULL,NULL,NULL,535,0,0),(2138,'chief','approved','','過去実績取込','2025-11-05 09:00:00.000000',NULL,NULL,NULL,NULL,535,0,0),(2139,'manager','approved','','過去実績取込','2025-11-05 09:00:00.000000',2,3,1,NULL,535,0,0),(2140,'committee','approved','','過去実績取込','2025-11-05 09:00:00.000000',NULL,NULL,NULL,NULL,535,0,0),(2141,'supervisor','approved','','過去実績取込','2025-11-05 09:00:00.000000',NULL,NULL,NULL,NULL,536,0,0),(2142,'chief','approved','','過去実績取込','2025-11-05 09:00:00.000000',NULL,NULL,NULL,NULL,536,0,0),(2143,'manager','approved','','過去実績取込','2025-11-05 09:00:00.000000',1,1,1,NULL,536,0,0),(2144,'committee','approved','','過去実績取込','2025-11-05 09:00:00.000000',NULL,NULL,NULL,NULL,536,0,0),(2145,'supervisor','approved','','過去実績取込','2025-11-06 09:00:00.000000',NULL,NULL,NULL,NULL,537,0,0),(2146,'chief','approved','','過去実績取込','2025-11-06 09:00:00.000000',NULL,NULL,NULL,NULL,537,0,0),(2147,'manager','approved','','過去実績取込','2025-11-06 09:00:00.000000',1,1,1,NULL,537,0,0),(2148,'committee','approved','','過去実績取込','2025-11-06 09:00:00.000000',NULL,NULL,NULL,NULL,537,0,0),(2149,'supervisor','approved','','過去実績取込','2025-11-06 09:00:00.000000',NULL,NULL,NULL,NULL,538,0,0),(2150,'chief','approved','','過去実績取込','2025-11-06 09:00:00.000000',NULL,NULL,NULL,NULL,538,0,0),(2151,'manager','approved','','過去実績取込','2025-11-06 09:00:00.000000',1,1,3,NULL,538,0,0),(2152,'committee','approved','','過去実績取込','2025-11-06 09:00:00.000000',NULL,NULL,NULL,NULL,538,0,0),(2153,'supervisor','approved','','過去実績取込','2025-11-05 09:00:00.000000',NULL,NULL,NULL,NULL,539,0,0),(2154,'chief','approved','','過去実績取込','2025-11-05 09:00:00.000000',NULL,NULL,NULL,NULL,539,0,0),(2155,'manager','approved','','過去実績取込','2025-11-05 09:00:00.000000',3,3,3,NULL,539,0,0),(2156,'committee','approved','','過去実績取込','2025-11-05 09:00:00.000000',NULL,NULL,NULL,NULL,539,0,0),(2157,'supervisor','approved','','過去実績取込','2025-11-12 09:00:00.000000',NULL,NULL,NULL,NULL,540,0,0),(2158,'chief','approved','','過去実績取込','2025-11-12 09:00:00.000000',NULL,NULL,NULL,NULL,540,0,0),(2159,'manager','approved','','過去実績取込','2025-11-12 09:00:00.000000',3,3,3,NULL,540,0,0),(2160,'committee','approved','','過去実績取込','2025-11-12 09:00:00.000000',NULL,NULL,NULL,NULL,540,0,0),(2161,'supervisor','approved','','過去実績取込','2025-11-12 09:00:00.000000',NULL,NULL,NULL,NULL,541,0,0),(2162,'chief','approved','','過去実績取込','2025-11-12 09:00:00.000000',NULL,NULL,NULL,NULL,541,0,0),(2163,'manager','approved','','過去実績取込','2025-11-12 09:00:00.000000',3,3,3,NULL,541,0,0),(2164,'committee','approved','','過去実績取込','2025-11-12 09:00:00.000000',NULL,NULL,NULL,NULL,541,0,0),(2165,'supervisor','approved','','過去実績取込','2025-11-12 09:00:00.000000',NULL,NULL,NULL,NULL,542,0,0),(2166,'chief','approved','','過去実績取込','2025-11-12 09:00:00.000000',NULL,NULL,NULL,NULL,542,0,0),(2167,'manager','approved','','過去実績取込','2025-11-12 09:00:00.000000',3,3,3,NULL,542,0,0),(2168,'committee','approved','','過去実績取込','2025-11-12 09:00:00.000000',NULL,NULL,NULL,NULL,542,0,0),(2169,'supervisor','approved','','過去実績取込','2025-11-13 09:00:00.000000',NULL,NULL,NULL,NULL,543,0,0),(2170,'chief','approved','','過去実績取込','2025-11-13 09:00:00.000000',NULL,NULL,NULL,NULL,543,0,0),(2171,'manager','approved','','過去実績取込','2025-11-13 09:00:00.000000',2,2,2,NULL,543,0,0),(2172,'committee','approved','','過去実績取込','2025-11-13 09:00:00.000000',NULL,NULL,NULL,NULL,543,0,0),(2173,'supervisor','approved','','過去実績取込','2025-10-29 09:00:00.000000',NULL,NULL,NULL,NULL,544,0,0),(2174,'chief','approved','','過去実績取込','2025-10-29 09:00:00.000000',NULL,NULL,NULL,NULL,544,0,0),(2175,'manager','approved','','過去実績取込','2025-10-29 09:00:00.000000',2,2,4,NULL,544,0,0),(2176,'committee','approved','','過去実績取込','2025-10-29 09:00:00.000000',NULL,NULL,NULL,NULL,544,0,0),(2177,'supervisor','approved','','過去実績取込','2025-10-27 09:00:00.000000',NULL,NULL,NULL,NULL,545,0,0),(2178,'chief','approved','','過去実績取込','2025-10-27 09:00:00.000000',NULL,NULL,NULL,NULL,545,0,0),(2179,'manager','approved','','過去実績取込','2025-10-27 09:00:00.000000',3,3,4,NULL,545,0,0),(2180,'committee','approved','','過去実績取込','2025-10-27 09:00:00.000000',NULL,NULL,NULL,NULL,545,0,0),(2181,'supervisor','approved','','過去実績取込','2025-10-22 09:00:00.000000',NULL,NULL,NULL,NULL,546,0,0),(2182,'chief','approved','','過去実績取込','2025-10-22 09:00:00.000000',NULL,NULL,NULL,NULL,546,0,0),(2183,'manager','approved','','過去実績取込','2025-10-22 09:00:00.000000',3,2,2,NULL,546,0,0),(2184,'committee','approved','','過去実績取込','2025-10-22 09:00:00.000000',NULL,NULL,NULL,NULL,546,0,0),(2185,'supervisor','approved','','過去実績取込','2025-11-17 09:00:00.000000',NULL,NULL,NULL,NULL,547,0,0),(2186,'chief','approved','','過去実績取込','2025-11-17 09:00:00.000000',NULL,NULL,NULL,NULL,547,0,0),(2187,'manager','approved','','過去実績取込','2025-11-17 09:00:00.000000',3,2,2,NULL,547,0,0),(2188,'committee','approved','','過去実績取込','2025-11-17 09:00:00.000000',NULL,NULL,NULL,NULL,547,0,0),(2189,'supervisor','approved','','過去実績取込','2025-11-19 09:00:00.000000',NULL,NULL,NULL,NULL,548,0,0),(2190,'chief','approved','','過去実績取込','2025-11-19 09:00:00.000000',NULL,NULL,NULL,NULL,548,0,0),(2191,'manager','approved','','過去実績取込','2025-11-19 09:00:00.000000',3,3,3,NULL,548,0,0),(2192,'committee','approved','','過去実績取込','2025-11-19 09:00:00.000000',NULL,NULL,NULL,NULL,548,0,0),(2193,'supervisor','approved','','過去実績取込','2025-11-19 09:00:00.000000',NULL,NULL,NULL,NULL,549,0,0),(2194,'chief','approved','','過去実績取込','2025-11-19 09:00:00.000000',NULL,NULL,NULL,NULL,549,0,0),(2195,'manager','approved','','過去実績取込','2025-11-19 09:00:00.000000',3,4,3,NULL,549,0,0),(2196,'committee','approved','','過去実績取込','2025-11-19 09:00:00.000000',NULL,NULL,NULL,NULL,549,0,0),(2197,'supervisor','approved','','過去実績取込','2025-11-25 09:00:00.000000',NULL,NULL,NULL,NULL,550,0,0),(2198,'chief','approved','','過去実績取込','2025-11-25 09:00:00.000000',NULL,NULL,NULL,NULL,550,0,0),(2199,'manager','approved','','過去実績取込','2025-11-25 09:00:00.000000',2,2,2,NULL,550,0,0),(2200,'committee','approved','','過去実績取込','2025-11-25 09:00:00.000000',NULL,NULL,NULL,NULL,550,0,0),(2201,'supervisor','approved','','過去実績取込','2025-11-25 09:00:00.000000',NULL,NULL,NULL,NULL,551,0,0),(2202,'chief','approved','','過去実績取込','2025-11-25 09:00:00.000000',NULL,NULL,NULL,NULL,551,0,0),(2203,'manager','approved','','過去実績取込','2025-11-25 09:00:00.000000',2,2,2,NULL,551,0,0),(2204,'committee','approved','','過去実績取込','2025-11-25 09:00:00.000000',NULL,NULL,NULL,NULL,551,0,0),(2205,'supervisor','approved','','過去実績取込','2025-11-25 09:00:00.000000',NULL,NULL,NULL,NULL,552,0,0),(2206,'chief','approved','','過去実績取込','2025-11-25 09:00:00.000000',NULL,NULL,NULL,NULL,552,0,0),(2207,'manager','approved','','過去実績取込','2025-11-25 09:00:00.000000',3,4,2,NULL,552,0,0),(2208,'committee','approved','','過去実績取込','2025-11-25 09:00:00.000000',NULL,NULL,NULL,NULL,552,0,0),(2209,'supervisor','approved','','過去実績取込','2025-11-25 09:00:00.000000',NULL,NULL,NULL,NULL,553,0,0),(2210,'chief','approved','','過去実績取込','2025-11-25 09:00:00.000000',NULL,NULL,NULL,NULL,553,0,0),(2211,'manager','approved','','過去実績取込','2025-11-25 09:00:00.000000',2,3,4,NULL,553,0,0),(2212,'committee','approved','','過去実績取込','2025-11-25 09:00:00.000000',NULL,NULL,NULL,NULL,553,0,0),(2213,'supervisor','approved','','過去実績取込','2025-11-25 09:00:00.000000',NULL,NULL,NULL,NULL,554,0,0),(2214,'chief','approved','','過去実績取込','2025-11-25 09:00:00.000000',NULL,NULL,NULL,NULL,554,0,0),(2215,'manager','approved','','過去実績取込','2025-11-25 09:00:00.000000',1,2,1,NULL,554,0,0),(2216,'committee','approved','','過去実績取込','2025-11-25 09:00:00.000000',NULL,NULL,NULL,NULL,554,0,0),(2217,'supervisor','approved','','過去実績取込','2025-11-25 09:00:00.000000',NULL,NULL,NULL,NULL,555,0,0),(2218,'chief','approved','','過去実績取込','2025-11-25 09:00:00.000000',NULL,NULL,NULL,NULL,555,0,0),(2219,'manager','approved','','過去実績取込','2025-11-25 09:00:00.000000',2,3,3,NULL,555,0,0),(2220,'committee','approved','','過去実績取込','2025-11-25 09:00:00.000000',NULL,NULL,NULL,NULL,555,0,0),(2221,'supervisor','approved','','過去実績取込','2025-11-25 09:00:00.000000',NULL,NULL,NULL,NULL,556,0,0),(2222,'chief','approved','','過去実績取込','2025-11-25 09:00:00.000000',NULL,NULL,NULL,NULL,556,0,0),(2223,'manager','approved','','過去実績取込','2025-11-25 09:00:00.000000',NULL,NULL,NULL,NULL,556,0,0),(2224,'committee','approved','','過去実績取込','2025-11-25 09:00:00.000000',NULL,NULL,NULL,NULL,556,0,0),(2225,'supervisor','approved','','過去実績取込','2025-11-25 09:00:00.000000',NULL,NULL,NULL,NULL,557,0,0),(2226,'chief','approved','','過去実績取込','2025-11-25 09:00:00.000000',NULL,NULL,NULL,NULL,557,0,0),(2227,'manager','approved','','過去実績取込','2025-11-25 09:00:00.000000',1,3,3,NULL,557,0,0),(2228,'committee','approved','','過去実績取込','2025-11-25 09:00:00.000000',NULL,NULL,NULL,NULL,557,0,0),(2229,'supervisor','approved','','過去実績取込','2025-11-27 09:00:00.000000',NULL,NULL,NULL,NULL,558,0,0),(2230,'chief','approved','','過去実績取込','2025-11-27 09:00:00.000000',NULL,NULL,NULL,NULL,558,0,0),(2231,'manager','approved','','過去実績取込','2025-11-27 09:00:00.000000',1,1,1,NULL,558,0,0),(2232,'committee','approved','','過去実績取込','2025-11-27 09:00:00.000000',NULL,NULL,NULL,NULL,558,0,0),(2233,'supervisor','approved','無し','王　崇栓','2025-12-01 10:27:44.297458',NULL,NULL,NULL,NULL,559,0,0),(2234,'chief','approved','','渥美','2025-12-01 14:44:13.148727',NULL,NULL,NULL,NULL,559,0,0),(2235,'manager','approved','なにもない','北山','2025-12-01 16:31:06.696868',3,3,4,NULL,559,0,0),(2236,'committee','approved','コメントなし','製缶事業部改善委員','2025-12-01 16:32:19.101415',NULL,NULL,NULL,NULL,559,0,0),(2237,'supervisor','approved','テスト　資材班長王','王　崇栓','2025-12-01 14:15:10.145632',NULL,NULL,NULL,NULL,560,0,0),(2238,'chief','approved','','渥美','2025-12-01 14:43:54.802308',NULL,NULL,NULL,NULL,560,0,0),(2239,'manager','approved','','北山','2025-12-01 16:30:08.044207',3,3,3,NULL,560,0,0),(2240,'committee','approved','コメントしないです','製缶事業部改善委員','2025-12-01 17:33:24.541672',NULL,NULL,NULL,NULL,560,0,0),(2241,'supervisor','approved','test','システム管理者','2025-12-01 17:40:22.398418',NULL,NULL,NULL,NULL,561,0,0),(2242,'chief','approved','tesut','システム管理者','2025-12-01 17:40:32.355613',NULL,NULL,NULL,NULL,561,0,0),(2243,'manager','approved','nasi','システム管理者','2025-12-01 17:41:43.631540',4,4,3,NULL,561,1,1),(2244,'committee','approved','nasi','システム管理者','2025-12-01 17:42:45.284880',NULL,NULL,NULL,NULL,561,0,0),(2245,'supervisor','approved','','システム管理者','2025-12-01 17:45:38.073629',NULL,NULL,NULL,NULL,562,0,0),(2246,'chief','approved','','システム管理者','2025-12-01 17:45:43.042930',NULL,NULL,NULL,NULL,562,0,0),(2247,'manager','approved','','システム管理者','2025-12-01 17:45:53.387967',3,3,3,NULL,562,1,0),(2248,'committee','approved','','システム管理者','2025-12-01 17:46:30.240619',NULL,NULL,NULL,NULL,562,0,0);
/*!40000 ALTER TABLE `proposals_proposalapproval` ENABLE KEYS */;
UNLOCK TABLES;

--
-- Table structure for table `proposals_proposalcontributor`
--

DROP TABLE IF EXISTS `proposals_proposalcontributor`;
/*!40101 SET @saved_cs_client     = @@character_set_client */;
/*!50503 SET character_set_client = utf8mb4 */;
CREATE TABLE `proposals_proposalcontributor` (
  `id` bigint NOT NULL AUTO_INCREMENT,
  `employee_code` varchar(32) COLLATE utf8mb4_unicode_ci NOT NULL,
  `employee_name` varchar(128) COLLATE utf8mb4_unicode_ci NOT NULL,
  `is_primary` tinyint(1) NOT NULL,
  `share_percent` decimal(5,2) NOT NULL,
  `employee_id` bigint DEFAULT NULL,
  `proposal_id` bigint NOT NULL,
  `classification_points_share` decimal(8,2) NOT NULL,
  `reward_amount` decimal(10,0) NOT NULL,
  PRIMARY KEY (`id`),
  UNIQUE KEY `proposals_proposalcontri_proposal_id_employee_id_ccc778e6_uniq` (`proposal_id`,`employee_id`),
  KEY `proposals_proposalco_employee_id_e6229c73_fk_proposals` (`employee_id`),
  CONSTRAINT `proposals_proposalco_employee_id_e6229c73_fk_proposals` FOREIGN KEY (`employee_id`) REFERENCES `proposals_employee` (`id`),
  CONSTRAINT `proposals_proposalco_proposal_id_019ca324_fk_proposals` FOREIGN KEY (`proposal_id`) REFERENCES `proposals_improvementproposal` (`id`)
) ENGINE=InnoDB AUTO_INCREMENT=58 DEFAULT CHARSET=utf8mb4 COLLATE=utf8mb4_unicode_ci;
/*!40101 SET character_set_client = @saved_cs_client */;

--
-- Dumping data for table `proposals_proposalcontributor`
--

LOCK TABLES `proposals_proposalcontributor` WRITE;
/*!40000 ALTER TABLE `proposals_proposalcontributor` DISABLE KEYS */;
INSERT INTO `proposals_proposalcontributor` VALUES (49,'TMP81664','長濱　弦',0,0.00,308,464,0.00,0),(50,'000355','松本 莉奈',0,0.00,304,490,0.00,0),(51,'TMP56023','西尾 直行',0,0.00,309,549,0.00,0),(52,'000175','王 崇栓',1,100.00,279,559,1.00,300),(53,'100799','ケルビン　ルンガ',1,33.33,282,560,0.34,100),(54,'000175','王 崇栓',0,33.33,279,560,0.33,100),(55,'000199','北村 直也',0,33.34,271,560,0.33,100),(56,'100926','辻岡 良子',1,100.00,285,561,4.00,1200),(57,'000294','森本 夏生',1,100.00,273,562,1.00,300);
/*!40000 ALTER TABLE `proposals_proposalcontributor` ENABLE KEYS */;
UNLOCK TABLES;

--
-- Table structure for table `proposals_proposalimage`
--

DROP TABLE IF EXISTS `proposals_proposalimage`;
/*!40101 SET @saved_cs_client     = @@character_set_client */;
/*!50503 SET character_set_client = utf8mb4 */;
CREATE TABLE `proposals_proposalimage` (
  `id` bigint NOT NULL AUTO_INCREMENT,
  `kind` varchar(10) COLLATE utf8mb4_unicode_ci NOT NULL,
  `image_path` varchar(255) COLLATE utf8mb4_unicode_ci NOT NULL,
  `display_order` int unsigned NOT NULL,
  `created_at` datetime(6) NOT NULL,
  `proposal_id` bigint NOT NULL,
  PRIMARY KEY (`id`),
  KEY `proposals_proposalim_proposal_id_3ce92ce0_fk_proposals` (`proposal_id`),
  CONSTRAINT `proposals_proposalim_proposal_id_3ce92ce0_fk_proposals` FOREIGN KEY (`proposal_id`) REFERENCES `proposals_improvementproposal` (`id`),
  CONSTRAINT `proposals_proposalimage_chk_1` CHECK ((`display_order` >= 0))
) ENGINE=InnoDB AUTO_INCREMENT=50 DEFAULT CHARSET=utf8mb4 COLLATE=utf8mb4_unicode_ci;
/*!40101 SET character_set_client = @saved_cs_client */;

--
-- Dumping data for table `proposals_proposalimage`
--

LOCK TABLES `proposals_proposalimage` WRITE;
/*!40000 ALTER TABLE `proposals_proposalimage` DISABLE KEYS */;
INSERT INTO `proposals_proposalimage` VALUES (47,'before','proposals/20251201-001/before-1.png',0,'2025-12-01 14:09:43.818922',560),(48,'after','proposals/20251201-001/after-1.png',0,'2025-12-01 14:09:43.823531',560),(49,'after','proposals/20251201-001/after-2.png',1,'2025-12-01 14:09:43.827776',560);
/*!40000 ALTER TABLE `proposals_proposalimage` ENABLE KEYS */;
UNLOCK TABLES;

--
-- Table structure for table `proposals_userpermission`
--

DROP TABLE IF EXISTS `proposals_userpermission`;
/*!40101 SET @saved_cs_client     = @@character_set_client */;
/*!50503 SET character_set_client = utf8mb4 */;
CREATE TABLE `proposals_userpermission` (
  `id` bigint NOT NULL AUTO_INCREMENT,
  `resource` varchar(50) COLLATE utf8mb4_unicode_ci NOT NULL,
  `can_view` tinyint(1) NOT NULL,
  `can_edit` tinyint(1) NOT NULL,
  `user_id` int NOT NULL,
  PRIMARY KEY (`id`),
  UNIQUE KEY `proposals_userpermission_user_id_resource_53282db4_uniq` (`user_id`,`resource`),
  CONSTRAINT `proposals_userpermission_user_id_05a9976b_fk_auth_user_id` FOREIGN KEY (`user_id`) REFERENCES `auth_user` (`id`)
) ENGINE=InnoDB AUTO_INCREMENT=63 DEFAULT CHARSET=utf8mb4 COLLATE=utf8mb4_unicode_ci;
/*!40101 SET character_set_client = @saved_cs_client */;

--
-- Dumping data for table `proposals_userpermission`
--

LOCK TABLES `proposals_userpermission` WRITE;
/*!40000 ALTER TABLE `proposals_userpermission` DISABLE KEYS */;
INSERT INTO `proposals_userpermission` VALUES (7,'analytics',0,0,3),(8,'reports',1,1,3),(9,'confirmed',1,1,3),(10,'approvals',1,1,3),(11,'proposals',1,1,3),(12,'permissions',0,0,3),(13,'submit',1,1,1),(14,'permissions',1,1,1),(15,'proposals',1,1,1),(16,'approvals',1,1,1),(17,'permissions',0,0,4),(18,'permissions',0,0,5),(19,'permissions',0,0,6),(20,'analytics',0,0,4),(21,'reports',1,1,4),(22,'confirmed',1,1,4),(23,'confirmed',1,1,1),(24,'reports',1,1,1),(25,'analytics',0,0,1),(26,'user_management',1,1,1),(27,'submit',1,1,3),(28,'proposals',1,1,4),(29,'approvals',1,1,4),(30,'proposals',1,1,5),(31,'approvals',1,1,5),(32,'confirmed',1,1,5),(33,'proposals',1,1,6),(34,'approvals',1,1,6),(35,'confirmed',1,1,6),(36,'proposals',1,1,7),(37,'approvals',1,1,7),(38,'confirmed',1,1,7),(39,'proposals',1,1,8),(40,'approvals',1,1,8),(41,'confirmed',1,1,8),(42,'profile',1,1,1),(43,'profile',1,1,4),(44,'profile',1,1,5),(45,'profile',1,1,6),(46,'profile',1,1,7),(47,'profile',1,1,8),(48,'reports',1,1,7),(49,'reports',1,1,8),(50,'reports',1,1,6),(51,'reports',1,1,5),(52,'user_management',0,0,4),(53,'user_management',0,0,5),(54,'user_management',0,0,6),(55,'user_management',0,0,7),(56,'user_management',0,0,8),(57,'employee_management',1,1,1),(58,'employee_management',0,0,3),(59,'employee_management',1,1,4),(60,'employee_management',1,1,5),(61,'employee_management',1,1,6),(62,'employee_management',1,1,8);
/*!40000 ALTER TABLE `proposals_userpermission` ENABLE KEYS */;
UNLOCK TABLES;

--
-- Table structure for table `proposals_userprofile`
--

DROP TABLE IF EXISTS `proposals_userprofile`;
/*!40101 SET @saved_cs_client     = @@character_set_client */;
/*!50503 SET character_set_client = utf8mb4 */;
CREATE TABLE `proposals_userprofile` (
  `id` bigint NOT NULL AUTO_INCREMENT,
  `role` varchar(20) COLLATE utf8mb4_unicode_ci NOT NULL,
  `created_at` datetime(6) NOT NULL,
  `updated_at` datetime(6) NOT NULL,
  `responsible_department_id` bigint DEFAULT NULL,
  `user_id` int NOT NULL,
  `smtp_host` varchar(255) COLLATE utf8mb4_unicode_ci NOT NULL,
  `smtp_password` varchar(255) COLLATE utf8mb4_unicode_ci NOT NULL,
  `smtp_port` int DEFAULT NULL,
  `smtp_user` varchar(255) COLLATE utf8mb4_unicode_ci NOT NULL,
  `email` varchar(254) COLLATE utf8mb4_unicode_ci NOT NULL,
  PRIMARY KEY (`id`),
  UNIQUE KEY `user_id` (`user_id`),
  KEY `proposals_userprofil_responsible_departme_20118296_fk_proposals` (`responsible_department_id`),
  CONSTRAINT `proposals_userprofil_responsible_departme_20118296_fk_proposals` FOREIGN KEY (`responsible_department_id`) REFERENCES `proposals_department` (`id`),
  CONSTRAINT `proposals_userprofile_user_id_126c656e_fk_auth_user_id` FOREIGN KEY (`user_id`) REFERENCES `auth_user` (`id`)
) ENGINE=InnoDB AUTO_INCREMENT=9 DEFAULT CHARSET=utf8mb4 COLLATE=utf8mb4_unicode_ci;
/*!40101 SET character_set_client = @saved_cs_client */;

--
-- Dumping data for table `proposals_userprofile`
--

LOCK TABLES `proposals_userprofile` WRITE;
/*!40000 ALTER TABLE `proposals_userprofile` DISABLE KEYS */;
INSERT INTO `proposals_userprofile` VALUES (1,'supervisor','2025-11-22 01:42:53.502894','2025-12-01 09:54:07.963552',6,4,'','',NULL,'',''),(2,'supervisor','2025-11-22 01:54:51.982378','2025-11-25 20:23:09.881550',9,5,'daiso-ind.co.jp','daiso032',587,'wang','wang@daiso-ind.co.jp'),(3,'chief','2025-11-22 03:10:17.527230','2025-12-01 17:38:26.018964',5,6,'daiso-ind.co.jp','daiso032',587,'wang',''),(4,'admin','2025-11-22 03:18:51.513818','2025-11-24 18:02:45.499328',NULL,1,'daiso-ind.co.jp','daiso032',587,'wang','wang@daiso-ind.co.jp'),(5,'committee','2025-11-22 06:01:42.502521','2025-11-24 10:20:06.458447',1,7,'daiso-ind.co.jp','daiso032',587,'wang@daiso-ind.co.jp',''),(6,'manager','2025-11-22 06:07:02.642516','2025-12-01 17:38:02.326704',1,8,'daiso-ind.co.jp','daiso032',587,'wang@daiso-ind.co.jp',''),(7,'staff','2025-11-22 07:12:01.475975','2025-11-24 16:55:03.060617',NULL,3,'daiso-ind.co.jp','daiso032',587,'wang','wang@daiso-ind.co.jp'),(8,'supervisor','2025-12-01 09:52:42.963721','2025-12-01 09:52:42.963743',7,9,'','',NULL,'','');
/*!40000 ALTER TABLE `proposals_userprofile` ENABLE KEYS */;
UNLOCK TABLES;
/*!40103 SET TIME_ZONE=@OLD_TIME_ZONE */;

/*!40101 SET SQL_MODE=@OLD_SQL_MODE */;
/*!40014 SET FOREIGN_KEY_CHECKS=@OLD_FOREIGN_KEY_CHECKS */;
/*!40014 SET UNIQUE_CHECKS=@OLD_UNIQUE_CHECKS */;
/*!40101 SET CHARACTER_SET_CLIENT=@OLD_CHARACTER_SET_CLIENT */;
/*!40101 SET CHARACTER_SET_RESULTS=@OLD_CHARACTER_SET_RESULTS */;
/*!40101 SET COLLATION_CONNECTION=@OLD_COLLATION_CONNECTION */;
/*!40111 SET SQL_NOTES=@OLD_SQL_NOTES */;

-- Dump completed on 2025-12-10 23:35:59
